Notes,State,State Code,Yearly July 1st Estimates,Yearly July 1st Estimates Code,Population
,Alabama,1,1990,1990,4050055
,Alabama,1,1991,1991,4099156
,Alabama,1,1992,1992,4154014
,Alabama,1,1993,1993,4214202
,Alabama,1,1994,1994,4260229
,Alabama,1,1995,1995,4296800
,Alabama,1,1996,1996,4331102
,Alabama,1,1997,1997,4367935
,Alabama,1,1998,1998,4404701
,Alabama,1,1999,1999,4430141
,Alabama,1,2000,2000,4452173
,Alabama,1,2001,2001,4467634
,Alabama,1,2002,2002,4480089
,Alabama,1,2003,2003,4503491
,Alabama,1,2004,2004,4530729
,Alabama,1,2005,2005,4569805
,Alabama,1,2006,2006,4628981
,Alabama,1,2007,2007,4672840
,Alabama,1,2008,2008,4718206
,Alabama,1,2009,2009,4757938
,Alabama,1,2010,2010,4785514
,Alabama,1,2011,2011,4799642
,Alabama,1,2012,2012,4816632
,Alabama,1,2013,2013,4831586
,Alabama,1,2014,2014,4843737
,Alabama,1,2015,2015,4854803
,Alabama,1,2016,2016,4866824
,Alabama,1,2017,2017,4877989
,Alabama,1,2018,2018,4891628
,Alabama,1,2019,2019,4907965
,Alabama,1,2020,2020,4921532
Total,Alabama,1,,,141788073
,Alaska,2,1990,1990,553290
,Alaska,2,1991,1991,570193
,Alaska,2,1992,1992,588736
,Alaska,2,1993,1993,599432
,Alaska,2,1994,1994,603308
,Alaska,2,1995,1995,604412
,Alaska,2,1996,1996,608569
,Alaska,2,1997,1997,612968
,Alaska,2,1998,1998,619932
,Alaska,2,1999,1999,624779
,Alaska,2,2000,2000,627963
,Alaska,2,2001,2001,633714
,Alaska,2,2002,2002,642337
,Alaska,2,2003,2003,648414
,Alaska,2,2004,2004,659286
,Alaska,2,2005,2005,666946
,Alaska,2,2006,2006,675302
,Alaska,2,2007,2007,680300
,Alaska,2,2008,2008,687455
,Alaska,2,2009,2009,698895
,Alaska,2,2010,2010,713982
,Alaska,2,2011,2011,722349
,Alaska,2,2012,2012,730810
,Alaska,2,2013,2013,737626
,Alaska,2,2014,2014,737075
,Alaska,2,2015,2015,738430
,Alaska,2,2016,2016,742575
,Alaska,2,2017,2017,740983
,Alaska,2,2018,2018,736624
,Alaska,2,2019,2019,733603
,Alaska,2,2020,2020,731158
Total,Alaska,2,,,20671446
,Arizona,4,1990,1990,3684097
,Arizona,4,1991,1991,3788576
,Arizona,4,1992,1992,3915740
,Arizona,4,1993,1993,4065440
,Arizona,4,1994,1994,4245089
,Arizona,4,1995,1995,4432499
,Arizona,4,1996,1996,4586940
,Arizona,4,1997,1997,4736990
,Arizona,4,1998,1998,4883342
,Arizona,4,1999,1999,5023823
,Arizona,4,2000,2000,5160586
,Arizona,4,2001,2001,5273477
,Arizona,4,2002,2002,5396255
,Arizona,4,2003,2003,5510364
,Arizona,4,2004,2004,5652404
,Arizona,4,2005,2005,5839077
,Arizona,4,2006,2006,6029141
,Arizona,4,2007,2007,6167681
,Arizona,4,2008,2008,6280362
,Arizona,4,2009,2009,6343154
,Arizona,4,2010,2010,6407342
,Arizona,4,2011,2011,6473416
,Arizona,4,2012,2012,6556344
,Arizona,4,2013,2013,6634690
,Arizona,4,2014,2014,6732873
,Arizona,4,2015,2015,6832810
,Arizona,4,2016,2016,6944767
,Arizona,4,2017,2017,7048088
,Arizona,4,2018,2018,7164228
,Arizona,4,2019,2019,7291843
,Arizona,4,2020,2020,7421401
Total,Arizona,4,,,176522839
,Arkansas,5,1990,1990,2356586
,Arkansas,5,1991,1991,2383144
,Arkansas,5,1992,1992,2415984
,Arkansas,5,1993,1993,2456303
,Arkansas,5,1994,1994,2494019
,Arkansas,5,1995,1995,2535399
,Arkansas,5,1996,1996,2572109
,Arkansas,5,1997,1997,2601090
,Arkansas,5,1998,1998,2626289
,Arkansas,5,1999,1999,2651860
,Arkansas,5,2000,2000,2678588
,Arkansas,5,2001,2001,2691571
,Arkansas,5,2002,2002,2705927
,Arkansas,5,2003,2003,2724816
,Arkansas,5,2004,2004,2749686
,Arkansas,5,2005,2005,2781097
,Arkansas,5,2006,2006,2821761
,Arkansas,5,2007,2007,2848650
,Arkansas,5,2008,2008,2874554
,Arkansas,5,2009,2009,2896843
,Arkansas,5,2010,2010,2921998
,Arkansas,5,2011,2011,2941038
,Arkansas,5,2012,2012,2952876
,Arkansas,5,2013,2013,2960459
,Arkansas,5,2014,2014,2968759
,Arkansas,5,2015,2015,2979732
,Arkansas,5,2016,2016,2991815
,Arkansas,5,2017,2017,3003855
,Arkansas,5,2018,2018,3012161
,Arkansas,5,2019,2019,3020985
,Arkansas,5,2020,2020,3030522
Total,Arkansas,5,,,85650476
,California,6,1990,1990,29959515
,California,6,1991,1991,30470736
,California,6,1992,1992,30974659
,California,6,1993,1993,31274928
,California,6,1994,1994,31484435
,California,6,1995,1995,31696582
,California,6,1996,1996,32018834
,California,6,1997,1997,32486010
,California,6,1998,1998,32987675
,California,6,1999,1999,33499204
,California,6,2000,2000,33987977
,California,6,2001,2001,34479458
,California,6,2002,2002,34871843
,California,6,2003,2003,35253159
,California,6,2004,2004,35574576
,California,6,2005,2005,35827943
,California,6,2006,2006,36021202
,California,6,2007,2007,36250311
,California,6,2008,2008,36604337
,California,6,2009,2009,36961229
,California,6,2010,2010,37319550
,California,6,2011,2011,37636311
,California,6,2012,2012,37944551
,California,6,2013,2013,38253768
,California,6,2014,2014,38586706
,California,6,2015,2015,38904296
,California,6,2016,2016,39149186
,California,6,2017,2017,39337785
,California,6,2018,2018,39437463
,California,6,2019,2019,39437610
,California,6,2020,2020,39368078
Total,California,6,,,1098059917
,Colorado,8,1990,1990,3307618
,Colorado,8,1991,1991,3387119
,Colorado,8,1992,1992,3495939
,Colorado,8,1993,1993,3613734
,Colorado,8,1994,1994,3724168
,Colorado,8,1995,1995,3826653
,Colorado,8,1996,1996,3919972
,Colorado,8,1997,1997,4018293
,Colorado,8,1998,1998,4116639
,Colorado,8,1999,1999,4226018
,Colorado,8,2000,2000,4326921
,Colorado,8,2001,2001,4425687
,Colorado,8,2002,2002,4490406
,Colorado,8,2003,2003,4528732
,Colorado,8,2004,2004,4575013
,Colorado,8,2005,2005,4631888
,Colorado,8,2006,2006,4720423
,Colorado,8,2007,2007,4803868
,Colorado,8,2008,2008,4889730
,Colorado,8,2009,2009,4972195
,Colorado,8,2010,2010,5047539
,Colorado,8,2011,2011,5121900
,Colorado,8,2012,2012,5193660
,Colorado,8,2013,2013,5270774
,Colorado,8,2014,2014,5352637
,Colorado,8,2015,2015,5454328
,Colorado,8,2016,2016,5543844
,Colorado,8,2017,2017,5617421
,Colorado,8,2018,2018,5697155
,Colorado,8,2019,2019,5758486
,Colorado,8,2020,2020,5807719
Total,Colorado,8,,,143866479
,Connecticut,9,1990,1990,3291967
,Connecticut,9,1991,1991,3302895
,Connecticut,9,1992,1992,3300712
,Connecticut,9,1993,1993,3309175
,Connecticut,9,1994,1994,3316121
,Connecticut,9,1995,1995,3324144
,Connecticut,9,1996,1996,3336685
,Connecticut,9,1997,1997,3349348
,Connecticut,9,1998,1998,3365352
,Connecticut,9,1999,1999,3386401
,Connecticut,9,2000,2000,3411777
,Connecticut,9,2001,2001,3432835
,Connecticut,9,2002,2002,3458749
,Connecticut,9,2003,2003,3484336
,Connecticut,9,2004,2004,3496094
,Connecticut,9,2005,2005,3506956
,Connecticut,9,2006,2006,3517460
,Connecticut,9,2007,2007,3527270
,Connecticut,9,2008,2008,3545579
,Connecticut,9,2009,2009,3561807
,Connecticut,9,2010,2010,3579173
,Connecticut,9,2011,2011,3588632
,Connecticut,9,2012,2012,3595211
,Connecticut,9,2013,2013,3595792
,Connecticut,9,2014,2014,3595697
,Connecticut,9,2015,2015,3588561
,Connecticut,9,2016,2016,3579830
,Connecticut,9,2017,2017,3575324
,Connecticut,9,2018,2018,3574561
,Connecticut,9,2019,2019,3566022
,Connecticut,9,2020,2020,3557006
Total,Connecticut,9,,,107621472
,Delaware,10,1990,1990,669567
,Delaware,10,1991,1991,683080
,Delaware,10,1992,1992,694925
,Delaware,10,1993,1993,706378
,Delaware,10,1994,1994,717545
,Delaware,10,1995,1995,729734
,Delaware,10,1996,1996,740977
,Delaware,10,1997,1997,751487
,Delaware,10,1998,1998,763335
,Delaware,10,1999,1999,774990
,Delaware,10,2000,2000,786373
,Delaware,10,2001,2001,795699
,Delaware,10,2002,2002,806169
,Delaware,10,2003,2003,818003
,Delaware,10,2004,2004,830803
,Delaware,10,2005,2005,845150
,Delaware,10,2006,2006,859268
,Delaware,10,2007,2007,871749
,Delaware,10,2008,2008,883874
,Delaware,10,2009,2009,891730
,Delaware,10,2010,2010,899647
,Delaware,10,2011,2011,907590
,Delaware,10,2012,2012,915518
,Delaware,10,2013,2013,924062
,Delaware,10,2014,2014,933131
,Delaware,10,2015,2015,942065
,Delaware,10,2016,2016,949989
,Delaware,10,2017,2017,957942
,Delaware,10,2018,2018,966985
,Delaware,10,2019,2019,976668
,Delaware,10,2020,2020,986809
Total,Delaware,10,,,25981242
,District of Columbia,11,1990,1990,605321
,District of Columbia,11,1991,1991,600870
,District of Columbia,11,1992,1992,597565
,District of Columbia,11,1993,1993,595301
,District of Columbia,11,1994,1994,589239
,District of Columbia,11,1995,1995,580517
,District of Columbia,11,1996,1996,572377
,District of Columbia,11,1997,1997,567736
,District of Columbia,11,1998,1998,565230
,District of Columbia,11,1999,1999,570213
,District of Columbia,11,2000,2000,572046
,District of Columbia,11,2001,2001,574504
,District of Columbia,11,2002,2002,573158
,District of Columbia,11,2003,2003,568502
,District of Columbia,11,2004,2004,567754
,District of Columbia,11,2005,2005,567136
,District of Columbia,11,2006,2006,570681
,District of Columbia,11,2007,2007,574404
,District of Columbia,11,2008,2008,580236
,District of Columbia,11,2009,2009,592228
,District of Columbia,11,2010,2010,605282
,District of Columbia,11,2011,2011,620290
,District of Columbia,11,2012,2012,635737
,District of Columbia,11,2013,2013,651559
,District of Columbia,11,2014,2014,663603
,District of Columbia,11,2015,2015,677014
,District of Columbia,11,2016,2016,687576
,District of Columbia,11,2017,2017,697079
,District of Columbia,11,2018,2018,704147
,District of Columbia,11,2019,2019,708253
,District of Columbia,11,2020,2020,712816
Total,District of Columbia,11,,,18948374
,Florida,12,1990,1990,13033307
,Florida,12,1991,1991,13369798
,Florida,12,1992,1992,13650553
,Florida,12,1993,1993,13927185
,Florida,12,1994,1994,14239444
,Florida,12,1995,1995,14537875
,Florida,12,1996,1996,14853360
,Florida,12,1997,1997,15186304
,Florida,12,1998,1998,15486559
,Florida,12,1999,1999,15759421
,Florida,12,2000,2000,16047515
,Florida,12,2001,2001,16356966
,Florida,12,2002,2002,16689370
,Florida,12,2003,2003,17004085
,Florida,12,2004,2004,17415318
,Florida,12,2005,2005,17842038
,Florida,12,2006,2006,18166990
,Florida,12,2007,2007,18367842
,Florida,12,2008,2008,18527305
,Florida,12,2009,2009,18652644
,Florida,12,2010,2010,18846143
,Florida,12,2011,2011,19055607
,Florida,12,2012,2012,19302016
,Florida,12,2013,2013,19551678
,Florida,12,2014,2014,19853880
,Florida,12,2015,2015,20219111
,Florida,12,2016,2016,20627237
,Florida,12,2017,2017,20977089
,Florida,12,2018,2018,21254926
,Florida,12,2019,2019,21492056
,Florida,12,2020,2020,21733312
Total,Florida,12,,,542026934
,Georgia,13,1990,1990,6512602
,Georgia,13,1991,1991,6653005
,Georgia,13,1992,1992,6817203
,Georgia,13,1993,1993,6978240
,Georgia,13,1994,1994,7157165
,Georgia,13,1995,1995,7328413
,Georgia,13,1996,1996,7501069
,Georgia,13,1997,1997,7685099
,Georgia,13,1998,1998,7863536
,Georgia,13,1999,1999,8045965
,Georgia,13,2000,2000,8227303
,Georgia,13,2001,2001,8377038
,Georgia,13,2002,2002,8508256
,Georgia,13,2003,2003,8622793
,Georgia,13,2004,2004,8769252
,Georgia,13,2005,2005,8925922
,Georgia,13,2006,2006,9155813
,Georgia,13,2007,2007,9349988
,Georgia,13,2008,2008,9504843
,Georgia,13,2009,2009,9620846
,Georgia,13,2010,2010,9712209
,Georgia,13,2011,2011,9803630
,Georgia,13,2012,2012,9903580
,Georgia,13,2013,2013,9975592
,Georgia,13,2014,2014,10071204
,Georgia,13,2015,2015,10183353
,Georgia,13,2016,2016,10308442
,Georgia,13,2017,2017,10417031
,Georgia,13,2018,2018,10519389
,Georgia,13,2019,2019,10628020
,Georgia,13,2020,2020,10710017
Total,Georgia,13,,,273836818
,Hawaii,15,1990,1990,1113491
,Hawaii,15,1991,1991,1136754
,Hawaii,15,1992,1992,1158613
,Hawaii,15,1993,1993,1172838
,Hawaii,15,1994,1994,1187536
,Hawaii,15,1995,1995,1196854
,Hawaii,15,1996,1996,1203755
,Hawaii,15,1997,1997,1211640
,Hawaii,15,1998,1998,1215233
,Hawaii,15,1999,1999,1210300
,Hawaii,15,2000,2000,1213519
,Hawaii,15,2001,2001,1225948
,Hawaii,15,2002,2002,1239613
,Hawaii,15,2003,2003,1251154
,Hawaii,15,2004,2004,1273569
,Hawaii,15,2005,2005,1292729
,Hawaii,15,2006,2006,1309731
,Hawaii,15,2007,2007,1315675
,Hawaii,15,2008,2008,1332213
,Hawaii,15,2009,2009,1346717
,Hawaii,15,2010,2010,1364004
,Hawaii,15,2011,2011,1379562
,Hawaii,15,2012,2012,1395199
,Hawaii,15,2013,2013,1408822
,Hawaii,15,2014,2014,1415335
,Hawaii,15,2015,2015,1422999
,Hawaii,15,2016,2016,1428885
,Hawaii,15,2017,2017,1425763
,Hawaii,15,2018,2018,1423102
,Hawaii,15,2019,2019,1415615
,Hawaii,15,2020,2020,1407006
Total,Hawaii,15,,,40094174
,Idaho,16,1990,1990,1012384
,Idaho,16,1991,1991,1041316
,Idaho,16,1992,1992,1071685
,Idaho,16,1993,1993,1108768
,Idaho,16,1994,1994,1145140
,Idaho,16,1995,1995,1177322
,Idaho,16,1996,1996,1203083
,Idaho,16,1997,1997,1228520
,Idaho,16,1998,1998,1252330
,Idaho,16,1999,1999,1275674
,Idaho,16,2000,2000,1299430
,Idaho,16,2001,2001,1319962
,Idaho,16,2002,2002,1340372
,Idaho,16,2003,2003,1363380
,Idaho,16,2004,2004,1391802
,Idaho,16,2005,2005,1428241
,Idaho,16,2006,2006,1468669
,Idaho,16,2007,2007,1505105
,Idaho,16,2008,2008,1534320
,Idaho,16,2009,2009,1554439
,Idaho,16,2010,2010,1570819
,Idaho,16,2011,2011,1584272
,Idaho,16,2012,2012,1595910
,Idaho,16,2013,2013,1612053
,Idaho,16,2014,2014,1632248
,Idaho,16,2015,2015,1652495
,Idaho,16,2016,2016,1684036
,Idaho,16,2017,2017,1719745
,Idaho,16,2018,2018,1752074
,Idaho,16,2019,2019,1789060
,Idaho,16,2020,2020,1826913
Total,Idaho,16,,,44141567
,Illinois,17,1990,1990,11453316
,Illinois,17,1991,1991,11568964
,Illinois,17,1992,1992,11694184
,Illinois,17,1993,1993,11809579
,Illinois,17,1994,1994,11912585
,Illinois,17,1995,1995,12008437
,Illinois,17,1996,1996,12101997
,Illinois,17,1997,1997,12185715
,Illinois,17,1998,1998,12271847
,Illinois,17,1999,1999,12359020
,Illinois,17,2000,2000,12434161
,Illinois,17,2001,2001,12488445
,Illinois,17,2002,2002,12525556
,Illinois,17,2003,2003,12556006
,Illinois,17,2004,2004,12589773
,Illinois,17,2005,2005,12609903
,Illinois,17,2006,2006,12643955
,Illinois,17,2007,2007,12695866
,Illinois,17,2008,2008,12747038
,Illinois,17,2009,2009,12796778
,Illinois,17,2010,2010,12840545
,Illinois,17,2011,2011,12867783
,Illinois,17,2012,2012,12883029
,Illinois,17,2013,2013,12895778
,Illinois,17,2014,2014,12885092
,Illinois,17,2015,2015,12859585
,Illinois,17,2016,2016,12821709
,Illinois,17,2017,2017,12779893
,Illinois,17,2018,2018,12724685
,Illinois,17,2019,2019,12667017
,Illinois,17,2020,2020,12587530
Total,Illinois,17,,,386265771
,Indiana,18,1990,1990,5557798
,Indiana,18,1991,1991,5616388
,Indiana,18,1992,1992,5674547
,Indiana,18,1993,1993,5739019
,Indiana,18,1994,1994,5793526
,Indiana,18,1995,1995,5851459
,Indiana,18,1996,1996,5906013
,Indiana,18,1997,1997,5955267
,Indiana,18,1998,1998,5998880
,Indiana,18,1999,1999,6044969
,Indiana,18,2000,2000,6091866
,Indiana,18,2001,2001,6127760
,Indiana,18,2002,2002,6155967
,Indiana,18,2003,2003,6196638
,Indiana,18,2004,2004,6233007
,Indiana,18,2005,2005,6278616
,Indiana,18,2006,2006,6332669
,Indiana,18,2007,2007,6379599
,Indiana,18,2008,2008,6424806
,Indiana,18,2009,2009,6459325
,Indiana,18,2010,2010,6490555
,Indiana,18,2011,2011,6517250
,Indiana,18,2012,2012,6538989
,Indiana,18,2013,2013,6570575
,Indiana,18,2014,2014,6596019
,Indiana,18,2015,2015,6611442
,Indiana,18,2016,2016,6637898
,Indiana,18,2017,2017,6662068
,Indiana,18,2018,2018,6698481
,Indiana,18,2019,2019,6731010
,Indiana,18,2020,2020,6754953
Total,Indiana,18,,,193627359
,Iowa,19,1990,1990,2781018
,Iowa,19,1991,1991,2797613
,Iowa,19,1992,1992,2818401
,Iowa,19,1993,1993,2836972
,Iowa,19,1994,1994,2850746
,Iowa,19,1995,1995,2867373
,Iowa,19,1996,1996,2880000
,Iowa,19,1997,1997,2891119
,Iowa,19,1998,1998,2902872
,Iowa,19,1999,1999,2917634
,Iowa,19,2000,2000,2929067
,Iowa,19,2001,2001,2931997
,Iowa,19,2002,2002,2934234
,Iowa,19,2003,2003,2941999
,Iowa,19,2004,2004,2953635
,Iowa,19,2005,2005,2964454
,Iowa,19,2006,2006,2982644
,Iowa,19,2007,2007,2999212
,Iowa,19,2008,2008,3016734
,Iowa,19,2009,2009,3032870
,Iowa,19,2010,2010,3050819
,Iowa,19,2011,2011,3066772
,Iowa,19,2012,2012,3076844
,Iowa,19,2013,2013,3093935
,Iowa,19,2014,2014,3110643
,Iowa,19,2015,2015,3122541
,Iowa,19,2016,2016,3133210
,Iowa,19,2017,2017,3143734
,Iowa,19,2018,2018,3149900
,Iowa,19,2019,2019,3159596
,Iowa,19,2020,2020,3163561
Total,Iowa,19,,,92502149
,Kansas,20,1990,1990,2481349
,Kansas,20,1991,1991,2498722
,Kansas,20,1992,1992,2532394
,Kansas,20,1993,1993,2556547
,Kansas,20,1994,1994,2580513
,Kansas,20,1995,1995,2601007
,Kansas,20,1996,1996,2614554
,Kansas,20,1997,1997,2635292
,Kansas,20,1998,1998,2660598
,Kansas,20,1999,1999,2678338
,Kansas,20,2000,2000,2693681
,Kansas,20,2001,2001,2702162
,Kansas,20,2002,2002,2713535
,Kansas,20,2003,2003,2723004
,Kansas,20,2004,2004,2734373
,Kansas,20,2005,2005,2745299
,Kansas,20,2006,2006,2762931
,Kansas,20,2007,2007,2783785
,Kansas,20,2008,2008,2808076
,Kansas,20,2009,2009,2832704
,Kansas,20,2010,2010,2858266
,Kansas,20,2011,2011,2869677
,Kansas,20,2012,2012,2886024
,Kansas,20,2013,2013,2894306
,Kansas,20,2014,2014,2901861
,Kansas,20,2015,2015,2910717
,Kansas,20,2016,2016,2912977
,Kansas,20,2017,2017,2910892
,Kansas,20,2018,2018,2912748
,Kansas,20,2019,2019,2912635
,Kansas,20,2020,2020,2913805
Total,Kansas,20,,,85222772
,Kentucky,21,1990,1990,3694048
,Kentucky,21,1991,1991,3722328
,Kentucky,21,1992,1992,3765469
,Kentucky,21,1993,1993,3812206
,Kentucky,21,1994,1994,3849088
,Kentucky,21,1995,1995,3887427
,Kentucky,21,1996,1996,3919535
,Kentucky,21,1997,1997,3952747
,Kentucky,21,1998,1998,3985390
,Kentucky,21,1999,1999,4018053
,Kentucky,21,2000,2000,4049021
,Kentucky,21,2001,2001,4068132
,Kentucky,21,2002,2002,4089875
,Kentucky,21,2003,2003,4117170
,Kentucky,21,2004,2004,4146101
,Kentucky,21,2005,2005,4182742
,Kentucky,21,2006,2006,4219239
,Kentucky,21,2007,2007,4256672
,Kentucky,21,2008,2008,4289878
,Kentucky,21,2009,2009,4317074
,Kentucky,21,2010,2010,4348464
,Kentucky,21,2011,2011,4370817
,Kentucky,21,2012,2012,4387865
,Kentucky,21,2013,2013,4406906
,Kentucky,21,2014,2014,4416992
,Kentucky,21,2015,2015,4429126
,Kentucky,21,2016,2016,4440306
,Kentucky,21,2017,2017,4455590
,Kentucky,21,2018,2018,4464273
,Kentucky,21,2019,2019,4472345
,Kentucky,21,2020,2020,4477251
Total,Kentucky,21,,,129012130
,Louisiana,22,1990,1990,4221532
,Louisiana,22,1991,1991,4253279
,Louisiana,22,1992,1992,4293003
,Louisiana,22,1993,1993,4316428
,Louisiana,22,1994,1994,4347481
,Louisiana,22,1995,1995,4378779
,Louisiana,22,1996,1996,4398877
,Louisiana,22,1997,1997,4421071
,Louisiana,22,1998,1998,4440344
,Louisiana,22,1999,1999,4460811
,Louisiana,22,2000,2000,4471885
,Louisiana,22,2001,2001,4477875
,Louisiana,22,2002,2002,4497267
,Louisiana,22,2003,2003,4521042
,Louisiana,22,2004,2004,4552238
,Louisiana,22,2005,2005,4576628
,Louisiana,22,2006,2006,4302665
,Louisiana,22,2007,2007,4375581
,Louisiana,22,2008,2008,4435586
,Louisiana,22,2009,2009,4491648
,Louisiana,22,2010,2010,4544635
,Louisiana,22,2011,2011,4576244
,Louisiana,22,2012,2012,4602067
,Louisiana,22,2013,2013,4626040
,Louisiana,22,2014,2014,4645938
,Louisiana,22,2015,2015,4666998
,Louisiana,22,2016,2016,4681346
,Louisiana,22,2017,2017,4673673
,Louisiana,22,2018,2018,4664450
,Louisiana,22,2019,2019,4658285
,Louisiana,22,2020,2020,4645318
Total,Louisiana,22,,,139219014
,Maine,23,1990,1990,1231719
,Maine,23,1991,1991,1237081
,Maine,23,1992,1992,1238508
,Maine,23,1993,1993,1242302
,Maine,23,1994,1994,1242662
,Maine,23,1995,1995,1243480
,Maine,23,1996,1996,1249060
,Maine,23,1997,1997,1254774
,Maine,23,1998,1998,1259127
,Maine,23,1999,1999,1266808
,Maine,23,2000,2000,1277072
,Maine,23,2001,2001,1285692
,Maine,23,2002,2002,1295960
,Maine,23,2003,2003,1306513
,Maine,23,2004,2004,1313688
,Maine,23,2005,2005,1318787
,Maine,23,2006,2006,1323619
,Maine,23,2007,2007,1327040
,Maine,23,2008,2008,1330509
,Maine,23,2009,2009,1329590
,Maine,23,2010,2010,1327651
,Maine,23,2011,2011,1328473
,Maine,23,2012,2012,1328094
,Maine,23,2013,2013,1328543
,Maine,23,2014,2014,1331217
,Maine,23,2015,2015,1329098
,Maine,23,2016,2016,1332348
,Maine,23,2017,2017,1335743
,Maine,23,2018,2018,1340123
,Maine,23,2019,2019,1345770
,Maine,23,2020,2020,1350141
Total,Maine,23,,,40251192
,Maryland,24,1990,1990,4799770
,Maryland,24,1991,1991,4867641
,Maryland,24,1992,1992,4923368
,Maryland,24,1993,1993,4971889
,Maryland,24,1994,1994,5023060
,Maryland,24,1995,1995,5070033
,Maryland,24,1996,1996,5111986
,Maryland,24,1997,1997,5157328
,Maryland,24,1998,1998,5204464
,Maryland,24,1999,1999,5254509
,Maryland,24,2000,2000,5311034
,Maryland,24,2001,2001,5374691
,Maryland,24,2002,2002,5440389
,Maryland,24,2003,2003,5496269
,Maryland,24,2004,2004,5546935
,Maryland,24,2005,2005,5592379
,Maryland,24,2006,2006,5627367
,Maryland,24,2007,2007,5653408
,Maryland,24,2008,2008,5684965
,Maryland,24,2009,2009,5730388
,Maryland,24,2010,2010,5788784
,Maryland,24,2011,2011,5840241
,Maryland,24,2012,2012,5888375
,Maryland,24,2013,2013,5925197
,Maryland,24,2014,2014,5960064
,Maryland,24,2015,2015,5988528
,Maryland,24,2016,2016,6007014
,Maryland,24,2017,2017,6028186
,Maryland,24,2018,2018,6042153
,Maryland,24,2019,2019,6054954
,Maryland,24,2020,2020,6055802
Total,Maryland,24,,,171421171
,Massachusetts,25,1990,1990,6022639
,Massachusetts,25,1991,1991,6018470
,Massachusetts,25,1992,1992,6028709
,Massachusetts,25,1993,1993,6060569
,Massachusetts,25,1994,1994,6095241
,Massachusetts,25,1995,1995,6141445
,Massachusetts,25,1996,1996,6179756
,Massachusetts,25,1997,1997,6226058
,Massachusetts,25,1998,1998,6271838
,Massachusetts,25,1999,1999,6317345
,Massachusetts,25,2000,2000,6361104
,Massachusetts,25,2001,2001,6397634
,Massachusetts,25,2002,2002,6417206
,Massachusetts,25,2003,2003,6422565
,Massachusetts,25,2004,2004,6412281
,Massachusetts,25,2005,2005,6403290
,Massachusetts,25,2006,2006,6410084
,Massachusetts,25,2007,2007,6431559
,Massachusetts,25,2008,2008,6468967
,Massachusetts,25,2009,2009,6517613
,Massachusetts,25,2010,2010,6566440
,Massachusetts,25,2011,2011,6614218
,Massachusetts,25,2012,2012,6664269
,Massachusetts,25,2013,2013,6715158
,Massachusetts,25,2014,2014,6764864
,Massachusetts,25,2015,2015,6797484
,Massachusetts,25,2016,2016,6827280
,Massachusetts,25,2017,2017,6863560
,Massachusetts,25,2018,2018,6885720
,Massachusetts,25,2019,2019,6894883
,Massachusetts,25,2020,2020,6893574
Total,Massachusetts,25,,,200091823
,Michigan,26,1990,1990,9311319
,Michigan,26,1991,1991,9400446
,Michigan,26,1992,1992,9479065
,Michigan,26,1993,1993,9540114
,Michigan,26,1994,1994,9597737
,Michigan,26,1995,1995,9676211
,Michigan,26,1996,1996,9758645
,Michigan,26,1997,1997,9809051
,Michigan,26,1998,1998,9847942
,Michigan,26,1999,1999,9897116
,Michigan,26,2000,2000,9952450
,Michigan,26,2001,2001,9991120
,Michigan,26,2002,2002,10015710
,Michigan,26,2003,2003,10041152
,Michigan,26,2004,2004,10055315
,Michigan,26,2005,2005,10051137
,Michigan,26,2006,2006,10036081
,Michigan,26,2007,2007,10001284
,Michigan,26,2008,2008,9946889
,Michigan,26,2009,2009,9901591
,Michigan,26,2010,2010,9877597
,Michigan,26,2011,2011,9883053
,Michigan,26,2012,2012,9898289
,Michigan,26,2013,2013,9914802
,Michigan,26,2014,2014,9932033
,Michigan,26,2015,2015,9934483
,Michigan,26,2016,2016,9954117
,Michigan,26,2017,2017,9976752
,Michigan,26,2018,2018,9987286
,Michigan,26,2019,2019,9984795
,Michigan,26,2020,2020,9966555
Total,Michigan,26,,,305620137
,Minnesota,27,1990,1990,4389857
,Minnesota,27,1991,1991,4440859
,Minnesota,27,1992,1992,4495572
,Minnesota,27,1993,1993,4555954
,Minnesota,27,1994,1994,4610355
,Minnesota,27,1995,1995,4660180
,Minnesota,27,1996,1996,4712827
,Minnesota,27,1997,1997,4763390
,Minnesota,27,1998,1998,4813412
,Minnesota,27,1999,1999,4873481
,Minnesota,27,2000,2000,4933692
,Minnesota,27,2001,2001,4982796
,Minnesota,27,2002,2002,5018935
,Minnesota,27,2003,2003,5053572
,Minnesota,27,2004,2004,5087713
,Minnesota,27,2005,2005,5119598
,Minnesota,27,2006,2006,5163555
,Minnesota,27,2007,2007,5207203
,Minnesota,27,2008,2008,5247018
,Minnesota,27,2009,2009,5281203
,Minnesota,27,2010,2010,5310934
,Minnesota,27,2011,2011,5346620
,Minnesota,27,2012,2012,5377500
,Minnesota,27,2013,2013,5414722
,Minnesota,27,2014,2014,5452665
,Minnesota,27,2015,2015,5484002
,Minnesota,27,2016,2016,5525360
,Minnesota,27,2017,2017,5569283
,Minnesota,27,2018,2018,5608762
,Minnesota,27,2019,2019,5640053
,Minnesota,27,2020,2020,5657342
Total,Minnesota,27,,,157798415
,Mississippi,28,1990,1990,2578897
,Mississippi,28,1991,1991,2598733
,Mississippi,28,1992,1992,2623734
,Mississippi,28,1993,1993,2655100
,Mississippi,28,1994,1994,2688992
,Mississippi,28,1995,1995,2722659
,Mississippi,28,1996,1996,2748085
,Mississippi,28,1997,1997,2777004
,Mississippi,28,1998,1998,2804834
,Mississippi,28,1999,1999,2828408
,Mississippi,28,2000,2000,2848353
,Mississippi,28,2001,2001,2852994
,Mississippi,28,2002,2002,2858681
,Mississippi,28,2003,2003,2868312
,Mississippi,28,2004,2004,2889010
,Mississippi,28,2005,2005,2905943
,Mississippi,28,2006,2006,2904978
,Mississippi,28,2007,2007,2928350
,Mississippi,28,2008,2008,2947806
,Mississippi,28,2009,2009,2958774
,Mississippi,28,2010,2010,2970615
,Mississippi,28,2011,2011,2979147
,Mississippi,28,2012,2012,2984599
,Mississippi,28,2013,2013,2989839
,Mississippi,28,2014,2014,2991892
,Mississippi,28,2015,2015,2990231
,Mississippi,28,2016,2016,2990595
,Mississippi,28,2017,2017,2990674
,Mississippi,28,2018,2018,2982879
,Mississippi,28,2019,2019,2978227
,Mississippi,28,2020,2020,2966786
Total,Mississippi,28,,,88805131
,Missouri,29,1990,1990,5128880
,Missouri,29,1991,1991,5170800
,Missouri,29,1992,1992,5217101
,Missouri,29,1993,1993,5271175
,Missouri,29,1994,1994,5324497
,Missouri,29,1995,1995,5378247
,Missouri,29,1996,1996,5431553
,Missouri,29,1997,1997,5481193
,Missouri,29,1998,1998,5521765
,Missouri,29,1999,1999,5561948
,Missouri,29,2000,2000,5607285
,Missouri,29,2001,2001,5641142
,Missouri,29,2002,2002,5674825
,Missouri,29,2003,2003,5709403
,Missouri,29,2004,2004,5747741
,Missouri,29,2005,2005,5790300
,Missouri,29,2006,2006,5842704
,Missouri,29,2007,2007,5887612
,Missouri,29,2008,2008,5923916
,Missouri,29,2009,2009,5961088
,Missouri,29,2010,2010,5996089
,Missouri,29,2011,2011,6011182
,Missouri,29,2012,2012,6026027
,Missouri,29,2013,2013,6042989
,Missouri,29,2014,2014,6059130
,Missouri,29,2015,2015,6075411
,Missouri,29,2016,2016,6091384
,Missouri,29,2017,2017,6111382
,Missouri,29,2018,2018,6125986
,Missouri,29,2019,2019,6140475
,Missouri,29,2020,2020,6151548
Total,Missouri,29,,,178104778
,Montana,30,1990,1990,800204
,Montana,30,1991,1991,809680
,Montana,30,1992,1992,825770
,Montana,30,1993,1993,844761
,Montana,30,1994,1994,861306
,Montana,30,1995,1995,876553
,Montana,30,1996,1996,886254
,Montana,30,1997,1997,889865
,Montana,30,1998,1998,892431
,Montana,30,1999,1999,897507
,Montana,30,2000,2000,903773
,Montana,30,2001,2001,906961
,Montana,30,2002,2002,911667
,Montana,30,2003,2003,919630
,Montana,30,2004,2004,930009
,Montana,30,2005,2005,940102
,Montana,30,2006,2006,952692
,Montana,30,2007,2007,964706
,Montana,30,2008,2008,976415
,Montana,30,2009,2009,983982
,Montana,30,2010,2010,990730
,Montana,30,2011,2011,997518
,Montana,30,2012,2012,1004168
,Montana,30,2013,2013,1014158
,Montana,30,2014,2014,1022657
,Montana,30,2015,2015,1031495
,Montana,30,2016,2016,1042137
,Montana,30,2017,2017,1053862
,Montana,30,2018,2018,1061818
,Montana,30,2019,2019,1070123
,Montana,30,2020,2020,1080577
Total,Montana,30,,,29343511
,Nebraska,31,1990,1990,1581660
,Nebraska,31,1991,1991,1595919
,Nebraska,31,1992,1992,1611687
,Nebraska,31,1993,1993,1625590
,Nebraska,31,1994,1994,1639041
,Nebraska,31,1995,1995,1656992
,Nebraska,31,1996,1996,1673740
,Nebraska,31,1997,1997,1686418
,Nebraska,31,1998,1998,1695816
,Nebraska,31,1999,1999,1704764
,Nebraska,31,2000,2000,1713820
,Nebraska,31,2001,2001,1719836
,Nebraska,31,2002,2002,1728292
,Nebraska,31,2003,2003,1738643
,Nebraska,31,2004,2004,1749370
,Nebraska,31,2005,2005,1761497
,Nebraska,31,2006,2006,1772693
,Nebraska,31,2007,2007,1783440
,Nebraska,31,2008,2008,1796378
,Nebraska,31,2009,2009,1812683
,Nebraska,31,2010,2010,1829591
,Nebraska,31,2011,2011,1840914
,Nebraska,31,2012,2012,1853691
,Nebraska,31,2013,2013,1865813
,Nebraska,31,2014,2014,1879955
,Nebraska,31,2015,2015,1892059
,Nebraska,31,2016,2016,1906483
,Nebraska,31,2017,2017,1916998
,Nebraska,31,2018,2018,1925512
,Nebraska,31,2019,2019,1932571
,Nebraska,31,2020,2020,1937552
Total,Nebraska,31,,,54829418
,Nevada,32,1990,1990,1220695
,Nevada,32,1991,1991,1296171
,Nevada,32,1992,1992,1351367
,Nevada,32,1993,1993,1411215
,Nevada,32,1994,1994,1499298
,Nevada,32,1995,1995,1581578
,Nevada,32,1996,1996,1666320
,Nevada,32,1997,1997,1764104
,Nevada,32,1998,1998,1853191
,Nevada,32,1999,1999,1934718
,Nevada,32,2000,2000,2018741
,Nevada,32,2001,2001,2098399
,Nevada,32,2002,2002,2173791
,Nevada,32,2003,2003,2248850
,Nevada,32,2004,2004,2346222
,Nevada,32,2005,2005,2432143
,Nevada,32,2006,2006,2522658
,Nevada,32,2007,2007,2601072
,Nevada,32,2008,2008,2653630
,Nevada,32,2009,2009,2684665
,Nevada,32,2010,2010,2702483
,Nevada,32,2011,2011,2713114
,Nevada,32,2012,2012,2744670
,Nevada,32,2013,2013,2776956
,Nevada,32,2014,2014,2818935
,Nevada,32,2015,2015,2868531
,Nevada,32,2016,2016,2919555
,Nevada,32,2017,2017,2972097
,Nevada,32,2018,2018,3030725
,Nevada,32,2019,2019,3090771
,Nevada,32,2020,2020,3138259
Total,Nevada,32,,,71134924
,New Hampshire,33,1990,1990,1112384
,New Hampshire,33,1991,1991,1109929
,New Hampshire,33,1992,1992,1117784
,New Hampshire,33,1993,1993,1129458
,New Hampshire,33,1994,1994,1142560
,New Hampshire,33,1995,1995,1157561
,New Hampshire,33,1996,1996,1174719
,New Hampshire,33,1997,1997,1189425
,New Hampshire,33,1998,1998,1205940
,New Hampshire,33,1999,1999,1222014
,New Hampshire,33,2000,2000,1239882
,New Hampshire,33,2001,2001,1255517
,New Hampshire,33,2002,2002,1269089
,New Hampshire,33,2003,2003,1279840
,New Hampshire,33,2004,2004,1290121
,New Hampshire,33,2005,2005,1298492
,New Hampshire,33,2006,2006,1308389
,New Hampshire,33,2007,2007,1312540
,New Hampshire,33,2008,2008,1315906
,New Hampshire,33,2009,2009,1316102
,New Hampshire,33,2010,2010,1316807
,New Hampshire,33,2011,2011,1320444
,New Hampshire,33,2012,2012,1324677
,New Hampshire,33,2013,2013,1327272
,New Hampshire,33,2014,2014,1334257
,New Hampshire,33,2015,2015,1337480
,New Hampshire,33,2016,2016,1343694
,New Hampshire,33,2017,2017,1350395
,New Hampshire,33,2018,2018,1355064
,New Hampshire,33,2019,2019,1360783
,New Hampshire,33,2020,2020,1366275
Total,New Hampshire,33,,,39184800
,New Jersey,34,1990,1990,7762963
,New Jersey,34,1991,1991,7814676
,New Jersey,34,1992,1992,7880508
,New Jersey,34,1993,1993,7948915
,New Jersey,34,1994,1994,8014306
,New Jersey,34,1995,1995,8083242
,New Jersey,34,1996,1996,8149596
,New Jersey,34,1997,1997,8218808
,New Jersey,34,1998,1998,8287418
,New Jersey,34,1999,1999,8359592
,New Jersey,34,2000,2000,8430621
,New Jersey,34,2001,2001,8492671
,New Jersey,34,2002,2002,8552643
,New Jersey,34,2003,2003,8601402
,New Jersey,34,2004,2004,8634561
,New Jersey,34,2005,2005,8651974
,New Jersey,34,2006,2006,8661679
,New Jersey,34,2007,2007,8677885
,New Jersey,34,2008,2008,8711090
,New Jersey,34,2009,2009,8755602
,New Jersey,34,2010,2010,8799451
,New Jersey,34,2011,2011,8828552
,New Jersey,34,2012,2012,8845671
,New Jersey,34,2013,2013,8857821
,New Jersey,34,2014,2014,8867277
,New Jersey,34,2015,2015,8870312
,New Jersey,34,2016,2016,8873584
,New Jersey,34,2017,2017,8888147
,New Jersey,34,2018,2018,8891730
,New Jersey,34,2019,2019,8891258
,New Jersey,34,2020,2020,8882371
Total,New Jersey,34,,,264186326
,New Mexico,35,1990,1990,1521574
,New Mexico,35,1991,1991,1555305
,New Mexico,35,1992,1992,1595442
,New Mexico,35,1993,1993,1636453
,New Mexico,35,1994,1994,1682398
,New Mexico,35,1995,1995,1720394
,New Mexico,35,1996,1996,1752326
,New Mexico,35,1997,1997,1774839
,New Mexico,35,1998,1998,1793484
,New Mexico,35,1999,1999,1808082
,New Mexico,35,2000,2000,1821204
,New Mexico,35,2001,2001,1831690
,New Mexico,35,2002,2002,1855309
,New Mexico,35,2003,2003,1877574
,New Mexico,35,2004,2004,1903808
,New Mexico,35,2005,2005,1932274
,New Mexico,35,2006,2006,1962137
,New Mexico,35,2007,2007,1990070
,New Mexico,35,2008,2008,2010662
,New Mexico,35,2009,2009,2036802
,New Mexico,35,2010,2010,2064614
,New Mexico,35,2011,2011,2080707
,New Mexico,35,2012,2012,2087715
,New Mexico,35,2013,2013,2092833
,New Mexico,35,2014,2014,2090236
,New Mexico,35,2015,2015,2090071
,New Mexico,35,2016,2016,2092555
,New Mexico,35,2017,2017,2092844
,New Mexico,35,2018,2018,2093754
,New Mexico,35,2019,2019,2099634
,New Mexico,35,2020,2020,2106319
Total,New Mexico,35,,,59053109
,New York,36,1990,1990,18020784
,New York,36,1991,1991,18122510
,New York,36,1992,1992,18246653
,New York,36,1993,1993,18374954
,New York,36,1994,1994,18459470
,New York,36,1995,1995,18524104
,New York,36,1996,1996,18588460
,New York,36,1997,1997,18656546
,New York,36,1998,1998,18755906
,New York,36,1999,1999,18882725
,New York,36,2000,2000,19001780
,New York,36,2001,2001,19082838
,New York,36,2002,2002,19137800
,New York,36,2003,2003,19175939
,New York,36,2004,2004,19171567
,New York,36,2005,2005,19132610
,New York,36,2006,2006,19104631
,New York,36,2007,2007,19132335
,New York,36,2008,2008,19212436
,New York,36,2009,2009,19307066
,New York,36,2010,2010,19399956
,New York,36,2011,2011,19499921
,New York,36,2012,2012,19574362
,New York,36,2013,2013,19626488
,New York,36,2014,2014,19653431
,New York,36,2015,2015,19657321
,New York,36,2016,2016,19636391
,New York,36,2017,2017,19593849
,New York,36,2018,2018,19544098
,New York,36,2019,2019,19463131
,New York,36,2020,2020,19336776
Total,New York,36,,,591076838
,North Carolina,37,1990,1990,6664016
,North Carolina,37,1991,1991,6784280
,North Carolina,37,1992,1992,6897214
,North Carolina,37,1993,1993,7042818
,North Carolina,37,1994,1994,7187398
,North Carolina,37,1995,1995,7344674
,North Carolina,37,1996,1996,7500670
,North Carolina,37,1997,1997,7656825
,North Carolina,37,1998,1998,7809121
,North Carolina,37,1999,1999,7949361
,North Carolina,37,2000,2000,8081614
,North Carolina,37,2001,2001,8210122
,North Carolina,37,2002,2002,8326201
,North Carolina,37,2003,2003,8422501
,North Carolina,37,2004,2004,8553152
,North Carolina,37,2005,2005,8705407
,North Carolina,37,2006,2006,8917270
,North Carolina,37,2007,2007,9118037
,North Carolina,37,2008,2008,9309449
,North Carolina,37,2009,2009,9449566
,North Carolina,37,2010,2010,9574586
,North Carolina,37,2011,2011,9658913
,North Carolina,37,2012,2012,9751810
,North Carolina,37,2013,2013,9846717
,North Carolina,37,2014,2014,9937295
,North Carolina,37,2015,2015,10037218
,North Carolina,37,2016,2016,10161802
,North Carolina,37,2017,2017,10275758
,North Carolina,37,2018,2018,10391358
,North Carolina,37,2019,2019,10501384
,North Carolina,37,2020,2020,10600823
Total,North Carolina,37,,,270667360
,North Dakota,38,1990,1990,637685
,North Dakota,38,1991,1991,635753
,North Dakota,38,1992,1992,638223
,North Dakota,38,1993,1993,641216
,North Dakota,38,1994,1994,644804
,North Dakota,38,1995,1995,647832
,North Dakota,38,1996,1996,650382
,North Dakota,38,1997,1997,649716
,North Dakota,38,1998,1998,647532
,North Dakota,38,1999,1999,644259
,North Dakota,38,2000,2000,642023
,North Dakota,38,2001,2001,639062
,North Dakota,38,2002,2002,638168
,North Dakota,38,2003,2003,638817
,North Dakota,38,2004,2004,644705
,North Dakota,38,2005,2005,646089
,North Dakota,38,2006,2006,649422
,North Dakota,38,2007,2007,652822
,North Dakota,38,2008,2008,657569
,North Dakota,38,2009,2009,664968
,North Dakota,38,2010,2010,674752
,North Dakota,38,2011,2011,685526
,North Dakota,38,2012,2012,702227
,North Dakota,38,2013,2013,723149
,North Dakota,38,2014,2014,738736
,North Dakota,38,2015,2015,755537
,North Dakota,38,2016,2016,756114
,North Dakota,38,2017,2017,756755
,North Dakota,38,2018,2018,760062
,North Dakota,38,2019,2019,763724
,North Dakota,38,2020,2020,765309
Total,North Dakota,38,,,20992938
,Ohio,39,1990,1990,10864162
,Ohio,39,1991,1991,10945762
,Ohio,39,1992,1992,11029431
,Ohio,39,1993,1993,11101140
,Ohio,39,1994,1994,11152454
,Ohio,39,1995,1995,11202751
,Ohio,39,1996,1996,11242827
,Ohio,39,1997,1997,11277357
,Ohio,39,1998,1998,11311536
,Ohio,39,1999,1999,11335454
,Ohio,39,2000,2000,11363543
,Ohio,39,2001,2001,11387404
,Ohio,39,2002,2002,11407889
,Ohio,39,2003,2003,11434788
,Ohio,39,2004,2004,11452251
,Ohio,39,2005,2005,11463320
,Ohio,39,2006,2006,11481213
,Ohio,39,2007,2007,11500468
,Ohio,39,2008,2008,11515391
,Ohio,39,2009,2009,11528896
,Ohio,39,2010,2010,11539449
,Ohio,39,2011,2011,11545735
,Ohio,39,2012,2012,11550971
,Ohio,39,2013,2013,11579692
,Ohio,39,2014,2014,11606573
,Ohio,39,2015,2015,11622315
,Ohio,39,2016,2016,11640060
,Ohio,39,2017,2017,11665706
,Ohio,39,2018,2018,11680892
,Ohio,39,2019,2019,11696507
,Ohio,39,2020,2020,11693217
Total,Ohio,39,,,353819154
,Oklahoma,40,1990,1990,3148825
,Oklahoma,40,1991,1991,3175440
,Oklahoma,40,1992,1992,3220517
,Oklahoma,40,1993,1993,3252285
,Oklahoma,40,1994,1994,3280940
,Oklahoma,40,1995,1995,3308208
,Oklahoma,40,1996,1996,3340129
,Oklahoma,40,1997,1997,3372917
,Oklahoma,40,1998,1998,3405194
,Oklahoma,40,1999,1999,3437147
,Oklahoma,40,2000,2000,3454365
,Oklahoma,40,2001,2001,3467100
,Oklahoma,40,2002,2002,3489080
,Oklahoma,40,2003,2003,3504892
,Oklahoma,40,2004,2004,3525233
,Oklahoma,40,2005,2005,3548597
,Oklahoma,40,2006,2006,3594090
,Oklahoma,40,2007,2007,3634349
,Oklahoma,40,2008,2008,3668976
,Oklahoma,40,2009,2009,3717572
,Oklahoma,40,2010,2010,3760014
,Oklahoma,40,2011,2011,3788824
,Oklahoma,40,2012,2012,3819320
,Oklahoma,40,2013,2013,3853891
,Oklahoma,40,2014,2014,3879187
,Oklahoma,40,2015,2015,3910518
,Oklahoma,40,2016,2016,3928143
,Oklahoma,40,2017,2017,3933602
,Oklahoma,40,2018,2018,3943488
,Oklahoma,40,2019,2019,3960676
,Oklahoma,40,2020,2020,3980783
Total,Oklahoma,40,,,111304302
,Oregon,41,1990,1990,2860375
,Oregon,41,1991,1991,2928507
,Oregon,41,1992,1992,2991755
,Oregon,41,1993,1993,3060367
,Oregon,41,1994,1994,3121264
,Oregon,41,1995,1995,3184369
,Oregon,41,1996,1996,3247111
,Oregon,41,1997,1997,3304310
,Oregon,41,1998,1998,3352449
,Oregon,41,1999,1999,3393941
,Oregon,41,2000,2000,3429708
,Oregon,41,2001,2001,3467937
,Oregon,41,2002,2002,3513424
,Oregon,41,2003,2003,3547376
,Oregon,41,2004,2004,3569463
,Oregon,41,2005,2005,3613202
,Oregon,41,2006,2006,3670883
,Oregon,41,2007,2007,3722417
,Oregon,41,2008,2008,3768748
,Oregon,41,2009,2009,3808600
,Oregon,41,2010,2010,3837614
,Oregon,41,2011,2011,3872672
,Oregon,41,2012,2012,3900102
,Oregon,41,2013,2013,3924110
,Oregon,41,2014,2014,3965447
,Oregon,41,2015,2015,4018542
,Oregon,41,2016,2016,4093271
,Oregon,41,2017,2017,4147294
,Oregon,41,2018,2018,4183538
,Oregon,41,2019,2019,4216116
,Oregon,41,2020,2020,4241507
Total,Oregon,41,,,111956419
,Pennsylvania,42,1990,1990,11903299
,Pennsylvania,42,1991,1991,11982164
,Pennsylvania,42,1992,1992,12049450
,Pennsylvania,42,1993,1993,12119724
,Pennsylvania,42,1994,1994,12166050
,Pennsylvania,42,1995,1995,12198403
,Pennsylvania,42,1996,1996,12220464
,Pennsylvania,42,1997,1997,12227814
,Pennsylvania,42,1998,1998,12245672
,Pennsylvania,42,1999,1999,12263805
,Pennsylvania,42,2000,2000,12284173
,Pennsylvania,42,2001,2001,12298970
,Pennsylvania,42,2002,2002,12331031
,Pennsylvania,42,2003,2003,12374658
,Pennsylvania,42,2004,2004,12410722
,Pennsylvania,42,2005,2005,12449990
,Pennsylvania,42,2006,2006,12510809
,Pennsylvania,42,2007,2007,12563937
,Pennsylvania,42,2008,2008,12612285
,Pennsylvania,42,2009,2009,12666858
,Pennsylvania,42,2010,2010,12711406
,Pennsylvania,42,2011,2011,12747052
,Pennsylvania,42,2012,2012,12769123
,Pennsylvania,42,2013,2013,12779538
,Pennsylvania,42,2014,2014,12792392
,Pennsylvania,42,2015,2015,12789838
,Pennsylvania,42,2016,2016,12788468
,Pennsylvania,42,2017,2017,12794679
,Pennsylvania,42,2018,2018,12809107
,Pennsylvania,42,2019,2019,12798883
,Pennsylvania,42,2020,2020,12783254
Total,Pennsylvania,42,,,386444018
,Rhode Island,44,1990,1990,1005995
,Rhode Island,44,1991,1991,1010649
,Rhode Island,44,1992,1992,1012581
,Rhode Island,44,1993,1993,1015112
,Rhode Island,44,1994,1994,1015960
,Rhode Island,44,1995,1995,1017002
,Rhode Island,44,1996,1996,1020893
,Rhode Island,44,1997,1997,1025353
,Rhode Island,44,1998,1998,1031155
,Rhode Island,44,1999,1999,1040402
,Rhode Island,44,2000,2000,1050268
,Rhode Island,44,2001,2001,1057142
,Rhode Island,44,2002,2002,1065995
,Rhode Island,44,2003,2003,1071342
,Rhode Island,44,2004,2004,1074579
,Rhode Island,44,2005,2005,1067916
,Rhode Island,44,2006,2006,1063096
,Rhode Island,44,2007,2007,1057315
,Rhode Island,44,2008,2008,1055003
,Rhode Island,44,2009,2009,1053646
,Rhode Island,44,2010,2010,1053994
,Rhode Island,44,2011,2011,1053829
,Rhode Island,44,2012,2012,1054893
,Rhode Island,44,2013,2013,1055560
,Rhode Island,44,2014,2014,1056511
,Rhode Island,44,2015,2015,1056886
,Rhode Island,44,2016,2016,1057816
,Rhode Island,44,2017,2017,1056554
,Rhode Island,44,2018,2018,1059338
,Rhode Island,44,2019,2019,1058158
,Rhode Island,44,2020,2020,1057125
Total,Rhode Island,44,,,32432068
,South Carolina,45,1990,1990,3501155
,South Carolina,45,1991,1991,3570404
,South Carolina,45,1992,1992,3620464
,South Carolina,45,1993,1993,3663314
,South Carolina,45,1994,1994,3705397
,South Carolina,45,1995,1995,3748582
,South Carolina,45,1996,1996,3796200
,South Carolina,45,1997,1997,3859696
,South Carolina,45,1998,1998,3919235
,South Carolina,45,1999,1999,3974682
,South Carolina,45,2000,2000,4024223
,South Carolina,45,2001,2001,4064995
,South Carolina,45,2002,2002,4107795
,South Carolina,45,2003,2003,4150297
,South Carolina,45,2004,2004,4210921
,South Carolina,45,2005,2005,4270150
,South Carolina,45,2006,2006,4357847
,South Carolina,45,2007,2007,4444110
,South Carolina,45,2008,2008,4528996
,South Carolina,45,2009,2009,4589872
,South Carolina,45,2010,2010,4635846
,South Carolina,45,2011,2011,4672655
,South Carolina,45,2012,2012,4719027
,South Carolina,45,2013,2013,4766469
,South Carolina,45,2014,2014,4826858
,South Carolina,45,2015,2015,4896006
,South Carolina,45,2016,2016,4963031
,South Carolina,45,2017,2017,5027102
,South Carolina,45,2018,2018,5091702
,South Carolina,45,2019,2019,5157702
,South Carolina,45,2020,2020,5218040
Total,South Carolina,45,,,134082773
,South Dakota,46,1990,1990,697101
,South Dakota,46,1991,1991,703669
,South Dakota,46,1992,1992,712801
,South Dakota,46,1993,1993,722159
,South Dakota,46,1994,1994,730790
,South Dakota,46,1995,1995,737925
,South Dakota,46,1996,1996,742213
,South Dakota,46,1997,1997,744223
,South Dakota,46,1998,1998,746058
,South Dakota,46,1999,1999,750412
,South Dakota,46,2000,2000,755844
,South Dakota,46,2001,2001,757972
,South Dakota,46,2002,2002,760020
,South Dakota,46,2003,2003,763729
,South Dakota,46,2004,2004,770396
,South Dakota,46,2005,2005,775493
,South Dakota,46,2006,2006,783033
,South Dakota,46,2007,2007,791623
,South Dakota,46,2008,2008,799124
,South Dakota,46,2009,2009,807067
,South Dakota,46,2010,2010,816193
,South Dakota,46,2011,2011,823740
,South Dakota,46,2012,2012,833859
,South Dakota,46,2013,2013,842751
,South Dakota,46,2014,2014,849670
,South Dakota,46,2015,2015,854663
,South Dakota,46,2016,2016,863693
,South Dakota,46,2017,2017,873732
,South Dakota,46,2018,2018,879386
,South Dakota,46,2019,2019,887127
,South Dakota,46,2020,2020,892717
Total,South Dakota,46,,,24469183
,Tennessee,47,1990,1990,4894492
,Tennessee,47,1991,1991,4966587
,Tennessee,47,1992,1992,5049742
,Tennessee,47,1993,1993,5137584
,Tennessee,47,1994,1994,5231438
,Tennessee,47,1995,1995,5326936
,Tennessee,47,1996,1996,5416643
,Tennessee,47,1997,1997,5499233
,Tennessee,47,1998,1998,5570045
,Tennessee,47,1999,1999,5638706
,Tennessee,47,2000,2000,5703719
,Tennessee,47,2001,2001,5750789
,Tennessee,47,2002,2002,5795918
,Tennessee,47,2003,2003,5847812
,Tennessee,47,2004,2004,5910809
,Tennessee,47,2005,2005,5991057
,Tennessee,47,2006,2006,6088766
,Tennessee,47,2007,2007,6175727
,Tennessee,47,2008,2008,6247411
,Tennessee,47,2009,2009,6306019
,Tennessee,47,2010,2010,6355518
,Tennessee,47,2011,2011,6400298
,Tennessee,47,2012,2012,6455752
,Tennessee,47,2013,2013,6496943
,Tennessee,47,2014,2014,6544617
,Tennessee,47,2015,2015,6595354
,Tennessee,47,2016,2016,6651277
,Tennessee,47,2017,2017,6714748
,Tennessee,47,2018,2018,6778180
,Tennessee,47,2019,2019,6830325
,Tennessee,47,2020,2020,6886834
Total,Tennessee,47,,,185259279
,Texas,48,1990,1990,17056755
,Texas,48,1991,1991,17398005
,Texas,48,1992,1992,17759738
,Texas,48,1993,1993,18161612
,Texas,48,1994,1994,18564062
,Texas,48,1995,1995,18958751
,Texas,48,1996,1996,19340342
,Texas,48,1997,1997,19740317
,Texas,48,1998,1998,20157531
,Texas,48,1999,1999,20558220
,Texas,48,2000,2000,20944499
,Texas,48,2001,2001,21319622
,Texas,48,2002,2002,21690325
,Texas,48,2003,2003,22030931
,Texas,48,2004,2004,22394023
,Texas,48,2005,2005,22778123
,Texas,48,2006,2006,23359580
,Texas,48,2007,2007,23831983
,Texas,48,2008,2008,24309039
,Texas,48,2009,2009,24801761
,Texas,48,2010,2010,25241897
,Texas,48,2011,2011,25645504
,Texas,48,2012,2012,26084120
,Texas,48,2013,2013,26479646
,Texas,48,2014,2014,26963092
,Texas,48,2015,2015,27468531
,Texas,48,2016,2016,27914064
,Texas,48,2017,2017,28291024
,Texas,48,2018,2018,28624564
,Texas,48,2019,2019,28986794
,Texas,48,2020,2020,29360759
Total,Texas,48,,,716215214
,Utah,49,1990,1990,1731223
,Utah,49,1991,1991,1779780
,Utah,49,1992,1992,1836799
,Utah,49,1993,1993,1898404
,Utah,49,1994,1994,1960446
,Utah,49,1995,1995,2014177
,Utah,49,1996,1996,2067976
,Utah,49,1997,1997,2119784
,Utah,49,1998,1998,2165960
,Utah,49,1999,1999,2203482
,Utah,49,2000,2000,2244502
,Utah,49,2001,2001,2283715
,Utah,49,2002,2002,2324815
,Utah,49,2003,2003,2360137
,Utah,49,2004,2004,2401580
,Utah,49,2005,2005,2457719
,Utah,49,2006,2006,2525507
,Utah,49,2007,2007,2597746
,Utah,49,2008,2008,2663029
,Utah,49,2009,2009,2723421
,Utah,49,2010,2010,2775413
,Utah,49,2011,2011,2814797
,Utah,49,2012,2012,2854146
,Utah,49,2013,2013,2898773
,Utah,49,2014,2014,2938327
,Utah,49,2015,2015,2983626
,Utah,49,2016,2016,3044241
,Utah,49,2017,2017,3103540
,Utah,49,2018,2018,3155153
,Utah,49,2019,2019,3203383
,Utah,49,2020,2020,3249879
Total,Utah,49,,,77381480
,Vermont,50,1990,1990,564798
,Vermont,50,1991,1991,568606
,Vermont,50,1992,1992,572751
,Vermont,50,1993,1993,577748
,Vermont,50,1994,1994,583836
,Vermont,50,1995,1995,589002
,Vermont,50,1996,1996,593701
,Vermont,50,1997,1997,597239
,Vermont,50,1998,1998,600416
,Vermont,50,1999,1999,604683
,Vermont,50,2000,2000,609618
,Vermont,50,2001,2001,612223
,Vermont,50,2002,2002,615442
,Vermont,50,2003,2003,617858
,Vermont,50,2004,2004,619920
,Vermont,50,2005,2005,621215
,Vermont,50,2006,2006,622892
,Vermont,50,2007,2007,623481
,Vermont,50,2008,2008,624151
,Vermont,50,2009,2009,624817
,Vermont,50,2010,2010,625886
,Vermont,50,2011,2011,627197
,Vermont,50,2012,2012,626361
,Vermont,50,2013,2013,626603
,Vermont,50,2014,2014,625693
,Vermont,50,2015,2015,625810
,Vermont,50,2016,2016,624366
,Vermont,50,2017,2017,625132
,Vermont,50,2018,2018,624802
,Vermont,50,2019,2019,624046
,Vermont,50,2020,2020,623347
Total,Vermont,50,,,18923640
,Virginia,51,1990,1990,6216884
,Virginia,51,1991,1991,6301217
,Virginia,51,1992,1992,6414307
,Virginia,51,1993,1993,6509630
,Virginia,51,1994,1994,6593139
,Virginia,51,1995,1995,6670693
,Virginia,51,1996,1996,6750884
,Virginia,51,1997,1997,6829183
,Virginia,51,1998,1998,6900918
,Virginia,51,1999,1999,7000174
,Virginia,51,2000,2000,7105817
,Virginia,51,2001,2001,7198362
,Virginia,51,2002,2002,7286873
,Virginia,51,2003,2003,7366977
,Virginia,51,2004,2004,7475575
,Virginia,51,2005,2005,7577105
,Virginia,51,2006,2006,7673725
,Virginia,51,2007,2007,7751000
,Virginia,51,2008,2008,7833496
,Virginia,51,2009,2009,7925937
,Virginia,51,2010,2010,8024004
,Virginia,51,2011,2011,8102437
,Virginia,51,2012,2012,8187456
,Virginia,51,2013,2013,8255861
,Virginia,51,2014,2014,8315430
,Virginia,51,2015,2015,8367303
,Virginia,51,2016,2016,8417651
,Virginia,51,2017,2017,8471011
,Virginia,51,2018,2018,8510920
,Virginia,51,2019,2019,8556642
,Virginia,51,2020,2020,8590563
Total,Virginia,51,,,233181174
,Washington,53,1990,1990,4903043
,Washington,53,1991,1991,5025624
,Washington,53,1992,1992,5160757
,Washington,53,1993,1993,5278842
,Washington,53,1994,1994,5375161
,Washington,53,1995,1995,5481027
,Washington,53,1996,1996,5569753
,Washington,53,1997,1997,5674747
,Washington,53,1998,1998,5769562
,Washington,53,1999,1999,5842564
,Washington,53,2000,2000,5910512
,Washington,53,2001,2001,5985722
,Washington,53,2002,2002,6052349
,Washington,53,2003,2003,6104115
,Washington,53,2004,2004,6178645
,Washington,53,2005,2005,6257305
,Washington,53,2006,2006,6370753
,Washington,53,2007,2007,6461587
,Washington,53,2008,2008,6562231
,Washington,53,2009,2009,6667426
,Washington,53,2010,2010,6743009
,Washington,53,2011,2011,6827479
,Washington,53,2012,2012,6898599
,Washington,53,2013,2013,6966252
,Washington,53,2014,2014,7057531
,Washington,53,2015,2015,7167287
,Washington,53,2016,2016,7299961
,Washington,53,2017,2017,7427951
,Washington,53,2018,2018,7526793
,Washington,53,2019,2019,7614024
,Washington,53,2020,2020,7693612
Total,Washington,53,,,195854223
,West Virginia,54,1990,1990,1792548
,West Virginia,54,1991,1991,1798735
,West Virginia,54,1992,1992,1806451
,West Virginia,54,1993,1993,1817539
,West Virginia,54,1994,1994,1820421
,West Virginia,54,1995,1995,1823700
,West Virginia,54,1996,1996,1822808
,West Virginia,54,1997,1997,1819113
,West Virginia,54,1998,1998,1815609
,West Virginia,54,1999,1999,1811799
,West Virginia,54,2000,2000,1807021
,West Virginia,54,2001,2001,1801481
,West Virginia,54,2002,2002,1805414
,West Virginia,54,2003,2003,1812295
,West Virginia,54,2004,2004,1816438
,West Virginia,54,2005,2005,1820492
,West Virginia,54,2006,2006,1827912
,West Virginia,54,2007,2007,1834052
,West Virginia,54,2008,2008,1840310
,West Virginia,54,2009,2009,1847775
,West Virginia,54,2010,2010,1854265
,West Virginia,54,2011,2011,1856606
,West Virginia,54,2012,2012,1857446
,West Virginia,54,2013,2013,1854768
,West Virginia,54,2014,2014,1850569
,West Virginia,54,2015,2015,1843332
,West Virginia,54,2016,2016,1832435
,West Virginia,54,2017,2017,1818683
,West Virginia,54,2018,2018,1805953
,West Virginia,54,2019,2019,1795263
,West Virginia,54,2020,2020,1784787
Total,West Virginia,54,,,56496020
,Wisconsin,55,1990,1990,4904562
,Wisconsin,55,1991,1991,4964343
,Wisconsin,55,1992,1992,5025398
,Wisconsin,55,1993,1993,5084889
,Wisconsin,55,1994,1994,5133678
,Wisconsin,55,1995,1995,5184836
,Wisconsin,55,1996,1996,5229986
,Wisconsin,55,1997,1997,5266213
,Wisconsin,55,1998,1998,5297672
,Wisconsin,55,1999,1999,5332666
,Wisconsin,55,2000,2000,5373999
,Wisconsin,55,2001,2001,5406835
,Wisconsin,55,2002,2002,5445162
,Wisconsin,55,2003,2003,5479203
,Wisconsin,55,2004,2004,5514026
,Wisconsin,55,2005,2005,5546166
,Wisconsin,55,2006,2006,5577655
,Wisconsin,55,2007,2007,5610775
,Wisconsin,55,2008,2008,5640996
,Wisconsin,55,2009,2009,5669264
,Wisconsin,55,2010,2010,5690538
,Wisconsin,55,2011,2011,5705840
,Wisconsin,55,2012,2012,5720825
,Wisconsin,55,2013,2013,5738012
,Wisconsin,55,2014,2014,5753199
,Wisconsin,55,2015,2015,5762927
,Wisconsin,55,2016,2016,5775170
,Wisconsin,55,2017,2017,5793147
,Wisconsin,55,2018,2018,5809319
,Wisconsin,55,2019,2019,5824581
,Wisconsin,55,2020,2020,5832655
Total,Wisconsin,55,,,170094537
,Wyoming,56,1990,1990,453690
,Wyoming,56,1991,1991,459260
,Wyoming,56,1992,1992,466251
,Wyoming,56,1993,1993,473081
,Wyoming,56,1994,1994,480283
,Wyoming,56,1995,1995,485160
,Wyoming,56,1996,1996,488167
,Wyoming,56,1997,1997,489451
,Wyoming,56,1998,1998,490787
,Wyoming,56,1999,1999,491780
,Wyoming,56,2000,2000,494300
,Wyoming,56,2001,2001,494657
,Wyoming,56,2002,2002,500017
,Wyoming,56,2003,2003,503453
,Wyoming,56,2004,2004,509106
,Wyoming,56,2005,2005,514157
,Wyoming,56,2006,2006,522667
,Wyoming,56,2007,2007,534876
,Wyoming,56,2008,2008,546043
,Wyoming,56,2009,2009,559851
,Wyoming,56,2010,2010,564531
,Wyoming,56,2011,2011,567491
,Wyoming,56,2012,2012,576656
,Wyoming,56,2013,2013,582620
,Wyoming,56,2014,2014,583159
,Wyoming,56,2015,2015,586389
,Wyoming,56,2016,2016,585243
,Wyoming,56,2017,2017,579994
,Wyoming,56,2018,2018,579054
,Wyoming,56,2019,2019,580116
,Wyoming,56,2020,2020,582328
Total,Wyoming,56,,,16324618
Total,,,,,9111858979
---,,,,,
Dataset: Bridged-Race Population Estimates 1990-2020,,,,,
Query Parameters:,,,,,
Group By: State; Yearly July 1st Estimates,,,,,
Show Totals: True,,,,,
Show Zero Values: False,,,,,
Data Table: Default,,,,,
---,,,,,
Help: See http://wonder.cdc.gov/wonder/help/bridged-race.html for more information.,,,,,
---,,,,,
"Query Date: Aug 20, 2022 1:22:42 PM",,,,,
---,,,,,
"Suggested Citation: United States Department of Health and Human Services (US DHHS), Centers for Disease Control and Prevention",,,,,
"(CDC), National Center for Health Statistics (NCHS), Bridged-Race Population Estimates, United States July 1st resident",,,,,
"population by state, county, age, sex, bridged-race, and Hispanic origin. Compiled from 1990-1999 bridged-race intercensal",,,,,
population estimates (released by NCHS on 7/26/2004); revised bridged-race 2000-2009 intercensal population estimates (released,,,,,
by NCHS on 10/26/2012); and bridged-race Vintage 2020 (2010-2020) postcensal population estimates (released by NCHS on,,,,,
"9/22/2021). Available on CDC WONDER Online Database. Accessed at http://wonder.cdc.gov/bridged-race-v2020.html on Aug 20, 2022",,,,,
1:22:42 PM,,,,,
---,,,,,
Footnotes:,,,,,
1. Estimates for 1990-1999 are bridged-race intercensal population estimates of the July 1 resident population. Estimates for,,,,,
2000-2009 are revised bridged-race intercensal estimates of the July 1 resident population. Estimates for 2010-2020 are,,,,,
bridged-race Vintage 2020 postcensal estimates of the July 1 resident population. These estimates were prepared by the Census,,,,,
Bureau in collaboration with NCHS.,,,,,
---,,,,,
Caveats:,,,,,
