Country,StateFull,State,Year,GDP,All GHG,CH4,CO2,N2O,F-Gas
US,United States,USA,1997,3286530000000,12070.65962082,0,1226.45434117,0,0
US,United States,USA,1998,3384010000000,12031.691439216,0,1213.29658093,0,0
US,United States,USA,1999,3592860000000,12118.178346672,0,1226.88121047,0,0
US,United States,USA,2000,3733600000000,12421.815037771,0,1220.25538312,0,0
US,United States,USA,2001,3866600000000,12216.157933935,0,1223.77276451,0,0
US,United States,USA,2002,4067110000000,12292.392198154,0,1206.85342062,0,0
US,United States,USA,2003,4337590000000,12406.767283618,0,1191.09284277,0,0
US,United States,USA,2004,4666180000000,12654.822940923,0,1183.69135027,0,0
US,United States,USA,2005,5079950000000,12679.626996582,0,1159.35976532,0,0
US,United States,USA,2006,5378750000000,12508.153693566,0,1069.73870381,0,0
US,United States,USA,2007,5602610000000,12714.153938513,0,1029.72246055,0,0
US,United States,USA,2008,5703990000000,12349.72051443,0,981.96245844,0,0
US,United States,USA,2009,5742400000000,11500.925182622,0,984.49096824,0,0
US,United States,USA,2010,6108730000000,11919.816722487,0,965.35432275,0,0
US,United States,USA,2011,6322000000000,11646.462905283,0,929.49979693,0,0
US,United States,USA,2012,6600530000000,11192.72849338,0,951.9136758,0,0
US,United States,USA,2013,6870610000000,11561.51436958,0,962.91936916,0,0
US,United States,USA,2014,7108290000000,11682.77574678,0,971.85845175,0,0
US,United States,USA,2015,7278530000000,11377.89089338,0,1010.46485727,0,0
US,United States,USA,2016,7468130000000,11150.64368538,0,1118.69049776,0,0
US,United States,USA,2017,7736440000000,11124.33140198,0,1135.68827101,0,0
US,United States,USA,2018,8158930000000,11428.95764668,0,933.2764142,0,0
US,Alabama,AL,1997,37247871000,254.141698463,31.207629638,146.722910481,15.302018913,31.620180997
US,Alabama,AL,1998,39368055000,250.081408298,42.71133555,160.696618736,15.753292482,31.053523396
US,Alabama,AL,1999,41513658000,253.152870903,44.520139777,159.291922516,15.901747644,13.055162569
US,Alabama,AL,2000,42583368000,264.369897054,45.148196906,183.617789669,16.525944642,16.503109941
US,Alabama,AL,2001,43348584000,244.859269109,42.14496732,192.625725853,16.01689635,17.732532364
US,Alabama,AL,2002,45807070000,250.791221249,44.101411897,203.474531072,15.801556699,16.360641361
US,Alabama,AL,2003,49100590000,253.380000635,46.158717326,206.566779131,24.586110298,17.397147835
US,Alabama,AL,2004,57547042000,257.250382377,55.250447561,213.317157717,24.512775162,21.83305824
US,Alabama,AL,2005,63136982000,257.19364812,53.30476668,224.654745,24.659385593,26.130570678
US,Alabama,AL,2006,65253303000,261.063022306,50.758386977,224.346169211,24.022845696,29.365254655
US,Alabama,AL,2007,67296649000,266.664888106,49.861357773,217.795380161,23.333125738,32.560197483
US,Alabama,AL,2008,66180247000,256.361364177,48.946911703,224.771041051,23.107487629,35.687816382
US,Alabama,AL,2009,65444473000,215.481912737,45.602450061,234.18522027,22.362295151,37.913557772
US,Alabama,AL,2010,69842591000,239.541810617,43.21998534,229.331874581,21.703807131,39.42412007
US,Alabama,AL,2011,73907390000,227.983291977,44.258777847,226.810575694,20.977472107,41.239482966
US,Alabama,AL,2012,77608112000,211.886289647,46.407334801,215.122557932,19.869333949,43.082270743
US,Alabama,AL,2013,80917965000,207.514487303,45.95911568,224.584264632,19.160923757,44.544275036
US,Alabama,AL,2014,79561954000,210.778784893,43.982698327,223.21042008,19.631756998,45.887375907
US,Alabama,AL,2015,80669851000,201.247546142,43.307634522,215.249133528,19.355670773,47.538234507
US,Alabama,AL,2016,82073865000,188.423628081,45.957798238,214.740544802,18.619645053,49.530789388
US,Alabama,AL,2017,85542583000,180.734351691,45.583515921,208.312057837,17.808773427,51.608048464
US,Alabama,AL,2018,88794676000,186.309130084,43.894937679,182.894614208,17.167328636,53.751487784
US,Alaska,AK,1997,11061328000,100.880942268,13.134724728,87.170960558,4.311565676,30.816697071
US,Alaska,AK,1998,9388659000,101.665862489,12.060179148,84.45913822,4.384333353,32.408289813
US,Alaska,AK,1999,9690070000,101.585035816,11.571688987,78.65038214,4.305722464,34.429062134
US,Alaska,AK,2000,10455709000,101.886647293,11.115279309,74.693812209,3.993694591,36.309222562
US,Alaska,AK,2001,11337091000,99.688960776,10.468229257,73.897762165,3.884820392,37.835922425
US,Alaska,AK,2002,11963659000,100.372229883,9.757620203,75.126301443,3.734754762,38.816360256
US,Alaska,AK,2003,13311189000,100.44740666,8.54745108,73.518364061,3.678456811,39.572745085
US,Alaska,AK,2004,15436621000,107.926520164,6.39206907,67.806065519,3.563552204,38.644742244
US,Alaska,AK,2005,19019065000,108.348161805,6.468036205,65.963459554,3.527912256,39.582066257
US,Alaska,AK,2006,22400631000,102.699123972,6.506035988,67.469138673,3.335153853,40.543599491
US,Alaska,AK,2007,24002821000,98.80889862,5.929424339,66.029461776,3.333637747,41.231338644
US,Alaska,AK,2008,23323379000,89.69505171962,14.713124529,67.322537069,3.217685611,41.610749381
US,Alaska,AK,2009,22866505000,84.153825335,14.878082151,68.826808794,3.373169619,32.08441661
US,Alaska,AK,2010,24439329000,86.000421718,14.693728066,68.668231365,3.153370268,22.250004561
US,Alaska,AK,2011,25196229000,85.286970168,13.544976247,69.230410584,3.070748632,17.610962446
US,Alaska,AK,2012,24819072000,82.738775234,13.172199412,73.364925879,3.257025702,13.252542254
US,Alaska,AK,2013,22642550000,77.696293857,12.678294611,74.333750135,3.100892121,13.44024761
US,Alaska,AK,2014,23858117000,74.826044355,12.370166355,74.387151238,3.204145051,15.092416026
US,Alaska,AK,2015,20819352000,76.614372277,11.83675089,79.362503603,3.262444107,16.943526205
US,Alaska,AK,2016,20355484000,74.736017799,11.230929981,80.118704544,2.925294721,17.747750201
US,Alaska,AK,2017,22290191000,74.42723872,10.761692651,78.496131663,2.836098452,13.928911218
US,Alaska,AK,2018,22145776000,74.685021763,14.412566262,85.985238375,11.778641301,16.606032151
US,Arizona,AZ,1997,53776045000,156.806019149,17.271840193,93.11747755,24.417712774,12.738931236
US,Arizona,AZ,1998,57020794000,165.983525079,16.422237085,96.254077045,38.318936471,14.47165982
US,Arizona,AZ,1999,62895447000,174.132644152,16.058954831,103.285130027,36.232646998,15.504851014
US,Arizona,AZ,2000,62781317000,184.520736176,17.877709418,96.740336203,36.15155187,15.839583693
US,Arizona,AZ,2001,64896111000,190.526284103,16.540583354,94.098052356,41.176431862,16.241022434
US,Arizona,AZ,2002,70104348000,189.170991992,33.053804181,106.037368033,39.622371346,17.9396783
US,Arizona,AZ,2003,77869673000,193.243020908,33.453934333,112.282366701,40.267264628,19.054649439
US,Arizona,AZ,2004,81311943000,207.183053822,34.095038394,112.399093157,39.655682142,19.988833065
US,Arizona,AZ,2005,90811873000,207.428371403,34.351691584,115.9578098,38.366356534,21.031746181
US,Arizona,AZ,2006,94686548000,213.79140505,36.274642642,126.067023058,38.090869415,22.17281711
US,Arizona,AZ,2007,100413000000,217.927128754,37.184203217,127.147366222,38.623465907,23.364729287
US,Arizona,AZ,2008,101324000000,218.610514875,36.920995666,131.460608189,39.013452582,24.584862312
US,Arizona,AZ,2009,94287589000,200.464618331,36.113400401,133.719628946,40.716826657,25.780529868
US,Arizona,AZ,2010,99207068000,203.515484643,35.953406435,133.900686921,41.275942373,26.73034176
US,Arizona,AZ,2011,102541000000,199.589191822,37.450889963,122.369229306,41.90241316,27.515070585
US,Arizona,AZ,2012,107077000000,195.279089226,39.272877297,121.477439415,42.544116504,28.201088775
US,Arizona,AZ,2013,108778000000,202.968278423,37.911574072,121.131326612,42.04790485,28.968567834
US,Arizona,AZ,2014,111437000000,199.309469132,38.749209429,121.999919579,41.302195599,29.707043044
US,Arizona,AZ,2015,115828000000,194.969773366,38.76099507,126.928321657,40.889492216,30.467450194
US,Arizona,AZ,2016,121629000000,187.1695238,40.185823578,126.53137994,41.208354754,31.061402401
US,Arizona,AZ,2017,127580000000,185.806059567,40.350213255,127.514771002,40.386808224,31.557485735
US,Arizona,AZ,2018,133408000000,193.757823657,35.203845971,122.225702789,31.962081788,25.315443523
US,Arkansas,AR,1997,23315960000,103.434361836,99.384786808,849.590005537,31.620185814,31.202088515
US,Arkansas,AR,1998,23736909000,104.816407893,100.835120106,846.508219107,33.182594689,32.073769667
US,Arkansas,AR,1999,25718358000,110.26834836,99.164001579,838.998673926,32.790860134,32.828503687
US,Arkansas,AR,2000,25974140000,108.534613253,97.24329325,836.836005917,32.28177026,33.467195841
US,Arkansas,AR,2001,26235659000,109.476017504,99.200826866,860.224626872,32.149082579,33.977234839
US,Arkansas,AR,2002,27860168000,108.373444487,73.656512438,873.086071376,35.883833572,31.21561067
US,Arkansas,AR,2003,30737525000,112.012557665,74.776344323,839.914164234,36.632371141,29.035395925
US,Arkansas,AR,2004,33626013000,112.413483261,71.665117125,802.523881813,45.768255189,25.807568007
US,Arkansas,AR,2005,36232114000,107.659376552,76.142783055,789.126170514,52.018559209,22.518477131
US,Arkansas,AR,2006,38116776000,110.751777561,78.776100287,766.982882794,51.65440416,18.194401348
US,Arkansas,AR,2007,38140600000,115.093639977,82.615718299,770.144504525,54.68976221,13.986636219
US,Arkansas,AR,2008,38190155000,117.85353288,82.571910076,781.117034999,52.950018218,12.105738659
US,Arkansas,AR,2009,36778122000,112.412550267,76.15197269,778.584178168,53.183189826,10.538379623
US,Arkansas,AR,2010,39155524000,124.121260274,76.320418006,794.124695703,43.18728774,10.571700445
US,Arkansas,AR,2011,41614398000,124.572417422,72.336533755,797.456211957,40.884187598,10.904549
US,Arkansas,AR,2012,41542915000,121.839317606,78.757269379,751.375803623,40.211557571,13.686955635
US,Arkansas,AR,2013,44449432000,127.727851112,81.152019696,743.812341813,40.618956271,15.613051887
US,Arkansas,AR,2014,45138072000,130.714267211,81.286861567,362.096396834,41.056601986,16.554923215
US,Arkansas,AR,2015,44687986000,110.338456223,74.918766581,356.420964699,42.178347459,17.755075045
US,Arkansas,AR,2016,44409534000,116.07327011,75.230817158,345.595656168,43.379749335,19.441654389
US,Arkansas,AR,2017,44820156000,120.42179574,75.875396643,354.992170576,43.136052577,20.911875715
US,Arkansas,AR,2018,47015337000,134.631426696,76.723747966,362.13680375,41.833475348,22.059118129
US,California,CA,1997,431069000000,743.751736237,18.558638045,126.86315669,3.320113238,20.806791779
US,California,CA,1998,453031000000,763.557170546,18.996904614,127.355814059,3.291348828,11.325165733
US,California,CA,1999,487838000000,773.080974417,19.198822776,133.587342838,3.297229579,7.931490504
US,California,CA,2000,509912000000,801.58107625,23.483157896,141.510786002,3.282004492,10.008790715
US,California,CA,2001,514712000000,805.672941942,24.245189955,145.236517419,3.225601007,10.998245034
US,California,CA,2002,537381000000,806.813689546,24.79927396,146.846822973,3.365636408,11.969638311
US,California,CA,2003,581750000000,786.322460554,24.571713016,146.949795194,3.174017747,13.00894142
US,California,CA,2004,609808000000,823.51206589,23.365757334,150.729948291,3.207260651,14.274320132
US,California,CA,2005,669809000000,817.047166231,26.571073595,153.022694412,3.039397288,15.64203416
US,California,CA,2006,718212000000,832.914775291,26.341628487,158.227846499,2.878553261,16.79064486
US,California,CA,2007,750756000000,846.713170614,27.709419441,169.421615143,2.727355247,17.783720235
US,California,CA,2008,776312000000,811.832386292,28.574605466,167.026478146,2.565814366,18.765886777
US,California,CA,2009,778418000000,779.737652893,29.359717837,162.719185298,2.401363335,19.808879998
US,California,CA,2010,818460000000,768.732753276,30.929223034,166.832750088,2.386172549,20.720313891
US,California,CA,2011,831169000000,741.235371998,32.459553053,167.919577149,2.106338973,21.624569307
US,California,CA,2012,869107000000,746.7305823,32.694877334,170.101702326,1.892421773,22.58450525
US,California,CA,2013,922209000000,757.372170587,31.040812315,175.140541163,1.782521769,23.72903153
US,California,CA,2014,959787000000,752.564528385,31.780565082,171.275430733,1.739908719,24.828391099
US,California,CA,2015,1000090000000,764.98905755,31.395102027,164.911758795,1.721472749,25.87130622
US,California,CA,2016,1038410000000,767.591159825,30.35812523,164.940370627,1.50515294,26.251756351
US,California,CA,2017,1112090000000,772.758695962,31.471054812,163.256310922,1.42412828,26.751726519
US,California,CA,2018,1181110000000,774.08921691,30.317804363,163.475864666,1.377217765,26.171006067
US,Colorado,CO,1997,52989433000,195.219857278,1.819501554,75.502047022,1.007931251,36.138415174
US,Colorado,CO,1998,57765105000,198.532701805,1.850982886,75.35644223,0.940493464,36.943074185
US,Colorado,CO,1999,62638825000,202.530071523,1.772407575,71.5983849,0.880187833,38.571374453
US,Colorado,CO,2000,66474953000,215.625656273,0.82836516,69.523187837,0.89941327,34.039457167
US,Colorado,CO,2001,68887729000,232.136512657,0.922077079,72.636373984,0.872522237,33.938664599
US,Colorado,CO,2002,72171780000,229.530211097,1.573588285,70.339530547,1.135168971,33.90494507
US,Colorado,CO,2003,76283527000,226.299245455,1.61302267,68.319814132,1.341663605,29.379084355
US,Colorado,CO,2004,78021070000,229.726054511,1.605717277,66.049077303,1.287202854,24.862025911
US,Colorado,CO,2005,87175950000,238.996727698,1.517989158,68.00889985,1.293264258,23.479219828
US,Colorado,CO,2006,90876360000,238.420370636,1.71229486,72.593217981,1.306340746,22.17420659
US,Colorado,CO,2007,98248590000,247.370785569,1.81827748,75.701147483,1.271885353,20.007770582
US,Colorado,CO,2008,103657000000,245.544803969,1.80795383,78.485005328,1.383383847,18.526016081
US,Colorado,CO,2009,100234000000,239.942008826,1.493817857,76.537408995,1.311576598,14.335945523
US,Colorado,CO,2010,103204000000,248.716558477,1.754196896,73.518594237,1.316385688,16.800432797
US,Colorado,CO,2011,107127000000,243.710810333,1.716975475,72.389374618,1.264750413,17.968925624
US,Colorado,CO,2012,109663000000,240.176213506,1.345018388,67.979055188,1.300242343,18.9150099
US,Colorado,CO,2013,118145000000,240.270556337,1.032560226,69.684365378,1.266519244,18.522758098
US,Colorado,CO,2014,123575000000,242.350269036,1.299212693,72.444311184,6.105606397,21.273407449
US,Colorado,CO,2015,125444000000,239.14748993,1.533649866,71.52308313,5.849319996,23.407039276
US,Colorado,CO,2016,128088000000,230.814984416,1.553692675,74.784281239,5.83541339,25.317482705
US,Colorado,CO,2017,134076000000,234.120991446,1.541059074,77.478257013,6.052511208,26.653671967
US,Colorado,CO,2018,142335000000,235.721253225,1.470486879,74.413692292,5.258835827,27.590616152
US,Connecticut,CT,1997,50568520000,85.386463765,4.90340954,27.658980606,22.706306657,127.854822828
US,Connecticut,CT,1998,51906772000,80.52597517,5.038105206,27.575192013,23.599793242,159.938279571
US,Connecticut,CT,1999,53755314000,83.029835051,5.078477323,27.566592315,25.08139753,184.899509205
US,Connecticut,CT,2000,59834228000,85.665975099,4.943498725,26.80154119,25.085372672,205.038008795
US,Connecticut,CT,2001,62264569000,82.682225554,4.921913746,26.423650243,24.608367795,222.802265458
US,Connecticut,CT,2002,64527991000,79.651977858,4.77871058,27.045536402,24.432042477,237.786963779
US,Connecticut,CT,2003,66380943000,85.360095421,4.679039524,26.931468009,23.40031519,246.557074514
US,Connecticut,CT,2004,76332073000,89.346953177,4.684756223,27.428407054,23.046222378,255.367601333
US,Connecticut,CT,2005,81040630000,87.650020898,4.579408188,24.424623625,23.183827592,265.412121398
US,Connecticut,CT,2006,90802125000,81.29609482,4.474870845,25.368012923,22.204413202,273.379022757
US,Connecticut,CT,2007,97517836000,79.743122574,4.444010501,26.317355118,21.737753668,281.704169263
US,Connecticut,CT,2008,100441000000,74.934941446,4.381585198,22.103395148,21.695347534,293.221918231
US,Connecticut,CT,2009,100575000000,70.557939083,4.311913204,21.832025264,20.227262843,307.693944166
US,Connecticut,CT,2010,99723518000,71.249279988,4.300980416,22.348872797,19.53910945,324.269640109
US,Connecticut,CT,2011,93431387000,68.420665702,4.395850514,23.258385818,18.898715705,342.752742042
US,Connecticut,CT,2012,96584621000,66.764604715,4.26378245,23.385015978,17.702056642,360.874426009
US,Connecticut,CT,2013,94992103000,68.326686628,4.2667184,22.635600384,17.02179332,374.943981992
US,Connecticut,CT,2014,95466076000,68.754618356,4.235295024,22.598642136,13.324110853,379.174454822
US,Connecticut,CT,2015,103890000000,71.40460154,4.236540684,23.475150678,12.840135263,382.620531265
US,Connecticut,CT,2016,106714000000,66.91127493,4.243083675,22.346536821,13.131054795,389.553640475
US,Connecticut,CT,2017,112461000000,65.941442089,4.295698747,23.906070473,12.914889373,396.605195095
US,Connecticut,CT,2018,117029000000,72.851363117,4.200203948,28.964437715,12.761256771,400.356894068
US,Delaware,DE,1997,16293486000,35.377167876,33.370812301,389.255257495,7.155593462,31.282366748
US,Delaware,DE,1998,18697289000,33.855363226,33.018542397,385.576011631,6.87111167,27.080635939
US,Delaware,DE,1999,20725145000,34.21505633,32.931109878,380.856613908,6.662836607,23.535020911
US,Delaware,DE,2000,22478806000,34.523705655,32.26176424,370.618419444,7.306663716,21.865696677
US,Delaware,DE,2001,24465286000,33.071112343,33.822968245,354.797115826,9.493747831,20.131262837
US,Delaware,DE,2002,23211328000,32.697334716,33.091890526,371.245499737,9.674327787,19.635869102
US,Delaware,DE,2003,24421185000,34.291594958,33.16248321,355.615157137,9.834475209,18.8994575
US,Delaware,DE,2004,26159662000,34.05386099,32.711295415,347.350744844,10.965380667,16.524306238
US,Delaware,DE,2005,25434871000,35.520527605,33.10007612,332.463261219,12.631144819,14.572054889
US,Delaware,DE,2006,26980515000,33.017814898,33.820334351,344.354381728,12.95081478,15.451261596
US,Delaware,DE,2007,27797471000,34.733814321,33.31432189,342.914150596,12.664487038,16.241364684
US,Delaware,DE,2008,26646810000,32.906738087,33.966953663,356.815156143,12.5611373,17.886513012
US,Delaware,DE,2009,30086841000,24.384244925,34.017304758,357.385640895,12.142505937,19.134550819
US,Delaware,DE,2010,29941875000,24.429553069,32.202128015,362.118726104,11.651101172,16.272750419
US,Delaware,DE,2011,31992549000,26.558846951,33.898867075,319.014761242,11.78934152,15.249088535
US,Delaware,DE,2012,32022426000,28.379105584,32.688118527,405.943248202,16.179800801,18.150440536
US,Delaware,DE,2013,30633048000,28.052305248,33.64061278,416.085823676,15.904969797,18.915089734
US,Delaware,DE,2014,35588454000,27.749203226,33.393226037,420.930098479,15.67532769,19.461066678
US,Delaware,DE,2015,38102060000,27.939135355,34.17967835,429.12491516,15.729448868,20.441439244
US,Delaware,DE,2016,35114205000,28.775601703,34.643800267,440.530739164,14.483692541,22.407010531
US,Delaware,DE,2017,32884557000,27.092050491,34.943819995,451.644931923,14.948582638,25.626616883
US,Delaware,DE,2018,35073261000,27.39600621,33.656633045,462.860731989,14.131999488,28.163541607
US,District of Columbia,DC,1997,14800959000,9.850046593,11.439619822,171.582114087,36.233101528,29.376899676
US,District of Columbia,DC,1998,15341732000,9.438245255,11.123971399,167.837042052,37.192844441,31.329596688
US,District of Columbia,DC,1999,16243372000,9.495295382,11.425686028,174.752007303,35.23410168,33.549673391
US,District of Columbia,DC,2000,16094689000,9.897230539,11.027722729,173.842041065,36.235464468,35.673241798
US,District of Columbia,DC,2001,17549116000,9.424219245,11.237048569,164.556371575,35.506011017,38.047230476
US,District of Columbia,DC,2002,19129987000,9.634797786,11.466827524,168.456800846,34.687169379,40.141652744
US,District of Columbia,DC,2003,19891320000,9.039237703,12.192358679,174.409599603,36.485651012,42.438293788
US,District of Columbia,DC,2004,21945440000,9.326630189,11.792283006,179.366626335,35.55293884,44.15179002
US,District of Columbia,DC,2005,23285267000,8.998571753,11.892121936,171.029966029,34.053466818,45.535512702
US,District of Columbia,DC,2006,23956631000,7.454419929,11.218977573,159.142867108,37.281342,46.766140949
US,District of Columbia,DC,2007,26044878000,7.806576831,11.390652503,163.576507714,34.161631578,48.467612363
US,District of Columbia,DC,2008,28660195000,7.221080879,11.814092443,153.457430888,35.033983358,50.338101572
US,District of Columbia,DC,2009,28532164000,7.182649487,11.379471763,139.188175114,34.104153949,51.514762846
US,District of Columbia,DC,2010,30337418000,7.231996383,11.6801024,140.558609914,35.364573492,52.3276476
US,District of Columbia,DC,2011,31043292000,6.97224345,11.970451329,149.500771058,33.978479529,53.226834141
US,District of Columbia,DC,2012,31856203000,6.104699953,11.273394435,35.090406646,29.613041246,32.857510493
US,District of Columbia,DC,2013,32742759000,6.460957087,12.170524287,33.211074633,29.448952421,30.965543743
US,District of Columbia,DC,2014,33910701000,6.858600956,12.348539765,27.141252704,26.743354746,29.964534046
US,Illinois,IL,2014,303148000000,513.954899499,36.411274678,233.139762791,2.860221881,0
US,District of Columbia,DC,2015,35440241000,6.759446019,12.397379196,25.575526,31.25344061,30.168273673
US,District of Columbia,DC,2016,37123871000,6.365188972,12.633278126,37.276569215,32.970544759,30.306006426
US,District of Columbia,DC,2017,37255087000,6.013121072,12.993028177,31.021930577,32.413784705,20.735528353
US,District of Columbia,DC,2018,38546918000,6.560837545,13.511135802,28.603200114,31.014331689,16.331605375
US,Florida,FL,1997,142317000000,450.494937225,17.15576947,40.371491302,46.686462109,26.546444854
US,Florida,FL,1998,147761000000,477.840838255,17.378055127,40.636472139,46.877053746,26.426100596
US,Florida,FL,1999,159176000000,479.352560962,18.013501328,40.331609177,47.053093995,24.349224421
US,Florida,FL,2000,168100000000,506.440642004,17.720013133,40.476497062,48.573181592,21.275837396
US,Florida,FL,2001,179504000000,502.321817021,18.914340696,41.392183979,50.809179177,17.007628637
US,Florida,FL,2002,196626000000,515.236300395,14.204475572,41.840183674,47.0834874,14.816772113
US,Florida,FL,2003,211888000000,521.945555769,14.584610403,43.403430108,46.61445538,14.084767706
US,Florida,FL,2004,235074000000,544.063029959,15.23888064,45.538710681,50.321427098,12.257812304
US,Florida,FL,2005,259016000000,550.302440699,16.059072286,44.848924936,46.804009467,13.042688306
US,Florida,FL,2006,274981000000,551.520187126,15.470348349,44.843745016,46.833308563,14.644058138
US,Florida,FL,2007,290605000000,541.171199897,14.616967691,43.362612051,45.68440243,15.942312592
US,Florida,FL,2008,276369000000,503.477648004,11.460815945,42.734288476,44.642196502,16.547456777
US,Florida,FL,2009,275028000000,468.723229468,11.536681695,41.243147925,46.100563944,13.753602926
US,Florida,FL,2010,282499000000,500.817256238,11.666755948,40.647080825,74.060680481,15.111133635
US,Florida,FL,2011,284518000000,481.003810018,11.46694684,39.276125693,71.902439231,16.158596641
US,Florida,FL,2012,290315000000,470.376141394,11.66024825,39.626318518,74.288812694,17.231252895
US,Florida,FL,2013,304170000000,459.404968482,12.101576098,39.081694772,68.551240819,18.139873448
US,Florida,FL,2014,320495000000,467.284303566,12.090757548,40.320520479,71.99238065,19.286553223
US,Florida,FL,2015,345662000000,478.765101955,12.331838162,40.49898731,72.390616291,20.274159253
US,Florida,FL,2016,363341000000,481.098212045,12.486990285,42.303824518,73.070697505,21.358384075
US,Florida,FL,2017,378543000000,478.994235104,12.693714393,43.625573314,70.698250526,22.404802076
US,Florida,FL,2018,395362000000,480.761676434,12.760467927,46.278552299,70.452967604,23.586615471
US,Georgia,GA,1997,94784598000,288.726290323,36.19238942,81.380364657,83.049805806,68.32050822
US,Georgia,GA,1998,103983000000,289.532731052,39.823265328,80.310077889,86.911198329,77.658038578
US,Georgia,GA,1999,115230000000,294.315546057,41.026425547,79.9018631,86.882845841,97.325913692
US,Georgia,GA,2000,117797000000,310.871034556,42.662186902,88.526308754,81.497683507,111.72715813
US,Georgia,GA,2001,123716000000,296.510832672,45.182975392,89.751596914,87.047191974,125.205630619
US,Georgia,GA,2002,130323000000,306.828568706,44.995524579,87.744979994,85.995559862,135.407141314
US,Georgia,GA,2003,138635000000,313.562971424,44.985310004,89.240406722,80.63667318,146.323345163
US,Georgia,GA,2004,149166000000,323.275937088,43.309944807,85.716208899,87.147316239,152.053488745
US,Georgia,GA,2005,161578000000,342.477648218,42.998779714,79.283340165,87.459100651,155.749475411
US,Georgia,GA,2006,163991000000,336.023546367,42.279365449,79.423445946,86.776340345,161.788579971
US,Georgia,GA,2007,166905000000,341.045648793,41.454505953,79.403261614,86.585673252,167.024680948
US,Georgia,GA,2008,161356000000,314.956819096,42.05749892,81.090161553,87.171542361,171.306993527
US,Georgia,GA,2009,163886000000,295.965952484,42.936118702,82.885468534,85.219710857,176.010247949
US,Georgia,GA,2010,169527000000,313.36277579,42.759391237,79.146202504,55.925695922,180.52191652
US,Georgia,GA,2011,173984000000,281.489549423,42.883225821,81.814706921,55.227506654,179.032633506
US,Georgia,GA,2012,180494000000,240.109790916,48.084698729,79.063589477,56.289087951,183.70106407
US,Georgia,GA,2013,188220000000,236.105663494,48.715808101,76.000087264,55.959934554,193.178741027
US,Georgia,GA,2014,198965000000,245.523114638,50.967303854,80.347127374,56.18648443,197.634986496
US,Georgia,GA,2015,215187000000,241.121764329,49.333307318,73.766656656,56.877257169,201.606929341
US,Georgia,GA,2016,228708000000,239.644499148,49.917492864,73.489243449,55.57675841,201.700514211
US,Georgia,GA,2017,241383000000,234.938627311,50.688775957,73.606288733,54.476463587,199.344738189
US,Georgia,GA,2018,251827000000,233.831604656,48.653734077,77.451095516,53.937740998,205.813042822
US,Hawaii,HI,1997,13552691000,40.840970499,46.407948438,381.001476594,27.556072316,10.217187792
US,Hawaii,HI,1998,12914176000,40.953457353,46.007667543,352.897924665,28.268366434,8.222447841
US,Hawaii,HI,1999,13574252000,40.511787121,46.447077132,338.61998852,28.790687777,7.615156977
US,Hawaii,HI,2000,14200772000,41.865332018,46.821510701,353.620353238,25.466346979,5.183804908
US,Hawaii,HI,2001,14660447000,42.494487857,47.066774995,364.386367605,25.763710211,5.200474883
US,Hawaii,HI,2002,14976392000,45.364452035,46.981635537,380.318085806,29.057922292,5.66074596
US,Hawaii,HI,2003,16496177000,47.210751153,44.859894613,391.291091071,28.562841725,6.477914894
US,Hawaii,HI,2004,18154600000,49.257935861,46.611035529,398.144945191,29.288199473,7.392684506
US,Hawaii,HI,2005,20700992000,50.338159831,46.318141122,387.711094843,29.259976434,8.2371403
US,Hawaii,HI,2006,21887879000,51.041827345,31.462341417,413.003375998,26.976931672,8.986350829
US,Hawaii,HI,2007,23024009000,52.397067849,31.563026312,424.206804085,28.875739823,9.64141165
US,Hawaii,HI,2008,23501163000,42.930463184,32.0073311,628.808407982,31.50589778,10.055432993
US,Hawaii,HI,2009,23434639000,41.335006298,31.320517783,631.785850795,30.696548663,9.985499539
US,Hawaii,HI,2010,24948621000,41.57566788,31.476458738,629.833354671,33.091530436,10.359724205
US,Hawaii,HI,2011,25176206000,43.009787532,33.083766587,661.725971305,32.319586716,10.775995105
US,Hawaii,HI,2012,26142347000,42.081629996,33.468246038,677.569888734,30.935921248,10.747552498
US,Hawaii,HI,2013,27316387000,40.47570236,34.417919577,683.120970341,32.488244925,11.201161079
US,Hawaii,HI,2014,27453755000,40.056903738,33.476180926,694.516990625,31.972516776,11.740346327
US,Hawaii,HI,2015,29521263000,40.569149712,32.606170177,717.234779072,33.088110777,12.337924819
US,Hawaii,HI,2016,30437354000,41.118665672,33.336778345,686.648536665,31.610636192,13.028420716
US,Hawaii,HI,2017,31682075000,41.282804458,31.780210395,700.315590767,29.700755275,13.593684554
US,Hawaii,HI,2018,32467152000,42.331418346,33.020418994,714.881450989,29.050316607,14.19185575
US,Idaho,ID,1997,11392168000,33.212166877,32.22700818,356.900296483,19.035148659,0
US,Idaho,ID,1998,11868189000,33.792459439,33.040427309,321.542482658,18.546021104,0
US,Idaho,ID,1999,13679421000,35.129519709,34.430895354,333.666556894,19.046866043,0
US,Idaho,ID,2000,15505965000,34.912300185,35.531763051,325.941547254,18.398970066,0
US,Idaho,ID,2001,14407468000,35.490785398,36.324154651,317.035588701,17.83821086,0
US,Idaho,ID,2002,14710293000,34.063679247,35.818309339,323.480325138,18.694301488,0
US,Idaho,ID,2003,15528521000,33.630702434,36.231770801,327.426463616,18.806078979,0
US,Idaho,ID,2004,17488981000,36.31305745,35.721839588,313.794120223,17.559286298,0
US,Idaho,ID,2005,19948858000,36.573738999,36.631939255,308.253818752,17.323948982,0
US,Idaho,ID,2006,19567510000,36.006681887,35.45896399,301.740245405,16.923630122,0
US,Idaho,ID,2007,20684493000,38.298024518,35.046710817,315.715691412,16.583121737,0
US,Idaho,ID,2008,23078310000,36.929845037,34.365658133,113.175790476,12.856143843,0
US,Idaho,ID,2009,22434686000,36.618558208,33.850388967,103.224618714,12.666516881,0
US,Idaho,ID,2010,23602151000,39.20775974,34.411366709,98.303076314,11.803264005,0
US,Idaho,ID,2011,24372959000,38.11388766,34.149887269,102.754002574,13.486853906,0
US,Idaho,ID,2012,24855218000,37.172448479,33.923453843,110.091597606,13.161746763,0
US,Idaho,ID,2013,26450035000,43.255198375,28.364122093,108.867258226,12.744910462,0
US,Idaho,ID,2014,27677791000,42.128387228,29.462045406,110.81783594,14.919706585,0
US,Idaho,ID,2015,27287519000,44.958987795,29.315585061,109.319080121,14.412614562,0
US,Idaho,ID,2016,28053771000,44.791349238,30.425397205,100.44413116,14.791079411,0
US,Idaho,ID,2017,27722954000,45.534286164,30.995033662,104.207872871,15.917326541,0
US,Idaho,ID,2018,30449865000,47.12088477,31.616635939,110.835683061,15.504378254,0
US,Illinois,IL,1997,151297000000,507.556651362,45.439770253,111.386823463,3.84169064,0
US,Illinois,IL,1998,154672000000,483.355096203,44.962580656,116.364789901,3.811177304,0
US,Illinois,IL,1999,162499000000,499.248241339,45.099142159,111.602691962,3.908665251,0
US,Illinois,IL,2000,170702000000,506.668860174,45.009922572,116.380952681,3.897347433,0
US,Illinois,IL,2001,175118000000,482.909050745,45.382755774,126.886966061,3.877401818,0
US,Illinois,IL,2002,181133000000,486.005901686,44.237858683,146.611116492,3.881035546,0
US,Illinois,IL,2003,192991000000,493.535695382,43.579137055,137.08543453,4.016706016,0
US,Illinois,IL,2004,206659000000,508.87294206,29.363791708,146.769735239,3.456537309,0
US,Illinois,IL,2005,216613000000,521.688050509,31.133619725,150.170913014,3.316474626,0
US,Illinois,IL,2006,229410000000,505.552815616,34.769369081,211.857783198,3.621560436,0
US,Illinois,IL,2007,236048000000,520.282749252,34.711374538,222.702914792,3.884805683,0
US,Illinois,IL,2008,232689000000,521.236623726,36.082042645,219.142548344,3.696195662,0
US,Illinois,IL,2009,245726000000,488.29907263,35.14909909,222.343023562,3.378686875,0
US,Illinois,IL,2010,258813000000,502.54475204,35.042795519,223.175154696,3.43996975,0
US,Illinois,IL,2011,268840000000,495.042576882,35.504901119,227.789835376,3.688552014,0
US,Illinois,IL,2012,285005000000,466.264085614,35.838028145,228.814029079,3.367473522,0
US,Illinois,IL,2013,289549000000,504.358164425,35.440772607,231.866892783,3.058815342,0
US,Illinois,IL,2015,309853000000,479.570520129,34.393656955,236.067950512,2.755428509,0
US,Illinois,IL,2016,310835000000,454.060340285,32.366402195,230.06659254,2.717345634,0
US,Illinois,IL,2017,312617000000,449.083241288,33.57158226,226.584759762,2.567433484,0
US,Illinois,IL,2018,330694000000,464.602928479,32.830343776,236.346733971,2.626737787,0
US,Indiana,IN,1997,61982144000,483.053617773,4.375231233,295.200634047,10.822445446,0
US,Indiana,IN,1998,68704906000,478.194328667,4.185184239,297.258419861,11.235296909,0
US,Indiana,IN,1999,70630195000,490.297596065,4.211543032,291.453245268,10.411442319,0
US,Indiana,IN,2000,75097775000,513.807116315,4.489087004,289.350107311,10.574647816,0
US,Indiana,IN,2001,75143840000,495.64753341,4.410110092,287.138307001,10.166934425,0
US,Indiana,IN,2002,79411008000,497.907953549,4.422533068,262.84993447,10.233725316,0
US,Indiana,IN,2003,87295448000,511.390829324,4.541739867,265.043795104,9.853061736,0
US,Indiana,IN,2004,94968754000,516.96412865,4.504650021,254.342926186,9.368004358,0
US,Indiana,IN,2005,96117493000,511.024840972,4.153414738,247.984905228,9.143912902,0
US,Indiana,IN,2006,101186000000,508.267834186,1.146274608,181.293000948,9.316633059,0
US,Indiana,IN,2007,112557000000,506.574247295,1.135294073,180.328407525,9.287865942,0
US,Indiana,IN,2008,111200000000,499.17261205,1.15297099,169.258572602,9.038722009,0
US,Indiana,IN,2009,108440000000,450.002132033,1.186260239,169.223061709,10.00376441,0
US,Indiana,IN,2010,123358000000,473.297810703,1.208299389,157.847129,9.834529951,0
US,Indiana,IN,2011,127599000000,457.543913402,1.144890265,166.336708727,9.925171511,0
US,Indiana,IN,2012,128431000000,428.310353386,1.19243528,163.32100659,10.729246974,0
US,Indiana,IN,2013,136324000000,439.146139312,1.110855754,152.793124694,11.659102512,0
US,Indiana,IN,2014,144316000000,451.090173279,1.208566209,157.62412952,12.147769491,0
US,Indiana,IN,2015,141898000000,414.120122942,1.256429305,173.013176642,12.791433541,0
US,Indiana,IN,2016,145314000000,403.402540243,1.583857611,174.695204404,12.686100981,0
US,Indiana,IN,2017,149214000000,391.053681855,1.60578195,179.930480651,11.850740558,0
US,Indiana,IN,2018,159085000000,420.414016957,1.601306068,182.452376977,12.278203717,0
US,Iowa,IA,1997,34799429000,189.961416592,9.956771699,365.51963132,31.789174317,0
US,Iowa,IA,1998,33538694000,194.580794844,9.977720235,377.500645068,30.667083496,0
US,Iowa,IA,1999,34728248000,195.303183885,9.928086259,366.605601286,32.498141306,0
US,Iowa,IA,2000,37638675000,191.695148726,9.941944946,369.172456606,33.241366165,0
US,Iowa,IA,2001,37487314000,190.641803722,9.616605235,388.835197845,33.52993277,0
US,Iowa,IA,2002,38804401000,191.92742925,9.5023827,356.017314849,32.269370338,0
US,Iowa,IA,2003,43458112000,189.372480751,8.925445115,363.80768092,32.371947192,0
US,Iowa,IA,2004,51889675000,195.679755221,9.057792048,377.413625274,37.800252071,0
US,Iowa,IA,2005,55481162000,196.207637715,8.62361359,363.882329436,35.901559316,0
US,Iowa,IA,2006,55811417000,196.192717219,8.819089527,357.815064055,35.818903913,0
US,Iowa,IA,2007,61693331000,211.618090061,8.827053145,363.008566406,37.04865747,0
US,Iowa,IA,2008,58421857000,217.693273215,9.000611025,368.430326652,35.426667584,0
US,Iowa,IA,2009,58660199000,208.150947172,9.021192747,355.36520363,33.970618784,0
US,Iowa,IA,2010,62605940000,220.538349659,9.075833314,356.389403637,34.501030712,0
US,Iowa,IA,2011,66060760000,213.445693522,9.176169825,367.657810238,33.339445738,0
US,Iowa,IA,2012,71732325000,198.720998737,9.065987362,356.249692294,33.326003782,0
US,Iowa,IA,2013,73119568000,207.847319334,9.195254879,342.360982658,32.669276218,0
US,Iowa,IA,2014,79211114000,212.275205294,9.049171158,354.87656129,31.503464985,0
US,Iowa,IA,2015,83472223000,201.88822499,8.748851342,360.097237539,34.475057999,0
US,Iowa,IA,2016,80524778000,191.350197752,8.421720575,350.672307733,33.194584359,0
US,Iowa,IA,2017,80070685000,196.31376449,7.884313792,349.176901932,33.661906308,0
US,Iowa,IA,2018,83126643000,210.487619927,7.588182556,347.237298984,33.451863157,0
US,Kansas,KS,1997,27382937000,188.473152538,17.422133333,181.767060565,26.383853674,0
US,Kansas,KS,1998,27898288000,184.27524574,16.8970561,182.707838411,29.289734763,0
US,Kansas,KS,1999,29103199000,187.923233801,16.790928809,181.130263423,27.734837692,0
US,Kansas,KS,2000,30136943000,189.01379537,17.236664148,178.796141909,26.859873981,0
US,Kansas,KS,2001,30798406000,182.586975197,17.814380144,180.931034155,27.087865398,0
US,Kansas,KS,2002,31815224000,191.290769671,18.041250682,179.90253964,26.20493137,0
US,Kansas,KS,2003,34201838000,195.002528365,18.177737458,169.864294037,27.222776041,0
US,Kansas,KS,2004,34165552000,194.226978698,17.839901132,164.699069352,21.901589912,0
US,Kansas,KS,2005,38479471000,187.17044784,19.546532653,164.576939014,21.602766654,0
US,Kansas,KS,2006,42554685000,186.064155261,19.871094392,156.786893751,19.879406844,0
US,Kansas,KS,2007,47821859000,200.073161628,20.577001439,156.58794294,21.81086961,0
US,Kansas,KS,2008,49381841000,191.458321272,18.230478744,145.196296478,23.745650875,0
US,Kansas,KS,2009,48881770000,190.295169504,17.792451196,142.661742917,21.809424162,0
US,Kansas,KS,2010,50641325000,189.732010792,15.933676757,151.114830242,23.137375137,0
US,Kansas,KS,2011,55181605000,185.080621177,15.071451913,153.81394525,24.085237388,0
US,Kansas,KS,2012,57954923000,174.12288871,14.423932003,151.105196762,24.035608125,0
US,Kansas,KS,2013,57845166000,184.752328831,13.845100512,161.520834868,22.176527953,0
US,Kansas,KS,2014,60201305000,186.107273448,13.542621175,148.223818303,21.859743663,0
US,Kansas,KS,2015,62249390000,175.16703687,12.714552621,152.59102553,22.357979756,0
US,Kansas,KS,2016,66847263000,169.86778646,11.545625979,93.714953795,22.689476077,0
US,Kansas,KS,2017,69065951000,162.242188471,17.67647119,90.09577735,22.430449879,0
US,Kansas,KS,2018,72565732000,170.357528726,24.389327009,94.245511722,21.645587733,0
US,Kentucky,KY,1997,41490635000,298.936255033,16.065559076,47.106765462,25.081890062,0
US,Kentucky,KY,1998,42902228000,294.091736583,18.023315929,131.185942152,25.655244482,0
US,Kentucky,KY,1999,44408081000,301.202589842,18.35942309,134.378550132,25.091744774,0
US,Kentucky,KY,2000,39217929000,300.82981154,17.618715768,132.871495892,24.895214974,0
US,Kentucky,KY,2001,39995834000,310.182139567,17.743467495,127.927088319,25.806237611,0
US,Kentucky,KY,2002,42427197000,310.319341958,17.787029061,134.579143068,45.491371708,0
US,Kentucky,KY,2003,45395875000,302.568585037,17.031139539,131.516985395,43.76881766,0
US,Kentucky,KY,2004,48511524000,316.45665408,17.108354617,135.025298195,45.540099765,0
US,Kentucky,KY,2005,53525805000,319.255471376,16.512471255,141.189673362,44.656374064,0
US,Kentucky,KY,2006,57828856000,327.140190452,16.867660429,140.182343186,44.351935046,0
US,Kentucky,KY,2007,57687059000,327.29420607,17.136999199,139.000471621,44.403368972,0
US,Kentucky,KY,2008,57427831000,323.081954632,16.87667888,135.696195289,45.959358204,0
US,Kentucky,KY,2009,58218130000,305.20591606,17.536129306,136.940611242,45.848882982,0
US,Kentucky,KY,2010,63314013000,318.521567637,17.277938469,133.575730255,46.836136663,0
US,Kentucky,KY,2011,65226749000,311.382594298,17.527085247,132.366979938,46.039653428,0
US,Kentucky,KY,2012,67810648000,287.752948959,17.753690477,131.483526755,43.117228869,0
US,Kentucky,KY,2013,72792905000,290.40438077,18.191373994,125.232235559,48.7669494,0
US,Kentucky,KY,2014,72395718000,293.365814205,18.512218667,117.006510219,49.422444849,0
US,Kentucky,KY,2015,72691981000,274.331122307,18.883469311,122.586785982,46.890007923,0
US,Kentucky,KY,2016,73388947000,262.920605236,19.680865879,117.314796901,49.033426982,0
US,Kentucky,KY,2017,75020817000,238.967522445,19.972181731,109.344388452,49.590828602,0
US,Kentucky,KY,2018,76837415000,250.682740182,12.30818716,108.952351153,47.46881782,0
US,Louisiana,LA,1997,47340324000,486.451845915,20.229558785,375.657807534,50.223710242,0
US,Louisiana,LA,1998,46982396000,458.10539998,19.281551188,366.441781993,51.430189303,0
US,Louisiana,LA,1999,50997264000,452.847271322,18.214807172,349.84713117,49.592676017,0
US,Louisiana,LA,2000,54827194000,476.961142049,18.200580273,348.064310639,49.531720178,0
US,Louisiana,LA,2001,55648781000,427.285352018,17.024184366,337.451515776,47.920280128,0
US,Louisiana,LA,2002,54523463000,441.034571308,16.319906388,324.271010669,26.444009384,0
US,Louisiana,LA,2003,66745302000,430.557506832,15.75980991,340.667255278,26.857355938,0
US,Louisiana,LA,2004,78333391000,446.047500348,15.74233391,340.399648372,27.096713089,0
US,Louisiana,LA,2005,102973000000,428.021579981,16.142437583,331.586715792,25.415919501,0
US,Louisiana,LA,2006,104472000000,440.342808708,17.086183634,335.933995801,25.441858596,0
US,Louisiana,LA,2007,97835632000,432.946419941,17.157070904,338.125943586,26.117308385,0
US,Louisiana,LA,2008,98328979000,420.324495379,17.311929699,347.488181645,21.899808452,0
US,Louisiana,LA,2009,90919549000,402.49134881,16.084377651,366.213119373,21.778755491,0
US,Louisiana,LA,2010,107840000000,441.555307874,16.367534548,363.228049096,21.754480263,0
US,Louisiana,LA,2011,109637000000,449.192853423,16.320064407,367.345992265,23.224334129,0
US,Louisiana,LA,2012,111003000000,429.535529508,16.666350451,372.702144858,22.786074492,0
US,Louisiana,LA,2013,102490000000,421.332160417,17.17764341,382.985740757,21.956999557,0
US,Louisiana,LA,2014,106610000000,413.402989903,17.229395488,357.352344013,24.546100608,0
US,Louisiana,LA,2015,99413853000,418.533903882,16.918009376,365.162415191,23.566897967,0
US,Louisiana,LA,2016,91992415000,426.951685528,29.769876745,363.48828486,24.897033671,0
US,Louisiana,LA,2017,102532000000,436.741422991,29.825528948,366.41181025,24.733744978,0
US,Louisiana,LA,2018,111897000000,437.529694846,30.600582364,376.417412944,22.632488976,0
US,Maine,ME,1997,9998624000,32.059776374,26.365683629,171.766791471,2.271709292,0
US,Maine,ME,1998,10208631000,31.055392387,27.140713949,167.397860669,2.215594939,0
US,Maine,ME,1999,11289437000,32.682140888,26.98412877,173.425744442,2.230942645,0
US,Maine,ME,2000,12297031000,35.872965635,40.064993966,107.47865748,2.688655608,0
US,Maine,ME,2001,12638012000,35.923471928,40.403479519,118.096911641,2.618928213,0
US,Maine,ME,2002,13406013000,38.308354359,39.908414081,116.878879148,2.565992974,0
US,Maine,ME,2003,14040252000,37.156821231,40.270636934,116.043782505,2.608458521,0
US,Maine,ME,2004,15434894000,37.480051744,40.949153018,120.29054445,2.44602205,0
US,Maine,ME,2005,16643081000,35.20402834,40.838947911,125.041439672,2.354230175,0
US,Maine,ME,2006,16875288000,30.97271883,41.235057019,124.653399146,2.334701857,0
US,Maine,ME,2007,17413379000,29.913892405,42.116549557,129.48707617,2.197139531,0
US,Maine,ME,2008,16790817000,25.505514862,41.91018036,126.420333857,2.131404166,0
US,Maine,ME,2009,18110620000,23.10597829,41.27722777,121.72157572,2.101467684,0
US,Maine,ME,2010,18675027000,22.338229104,41.204894681,115.32944796,1.980069077,0
US,Maine,ME,2011,18518144000,20.81140992,40.80524937,114.965013059,2.024963111,0
US,Maine,ME,2012,18762059000,17.088328803,40.194084178,107.04169165,1.974418733,0
US,Maine,ME,2013,18692865000,18.430682855,40.176999515,101.399759102,1.848387376,0
US,Maine,ME,2014,19230453000,18.293946036,40.237273582,103.717094369,1.810568146,0
US,Maine,ME,2015,19386205000,18.887848635,40.394901346,107.152875884,1.763181725,0
US,Maine,ME,2016,20366830000,17.872650896,27.549247936,101.837414414,1.788747207,0
US,Maine,ME,2017,21130874000,16.355384155,28.443419908,93.477039871,1.977515565,0
US,Maine,ME,2018,22234959000,15.407545888,28.800976451,95.60615639,2.212116348,0
US,Maryland,MD,1997,57249287000,153.768878007,32.163118962,250.511213755,17.208651984,0
US,Maryland,MD,1998,60621374000,159.017256782,32.155378584,258.259500411,17.362418588,0
US,Maryland,MD,1999,63910668000,164.344021191,32.608812835,267.948655368,17.614673094,0
US,Maryland,MD,2000,66140409000,163.861269955,17.28188958,337.592579427,17.257635682,0
US,Maryland,MD,2001,72675437000,165.284827979,16.967019369,342.599319002,17.463934908,0
US,Maryland,MD,2002,77810311000,165.380499658,16.546306132,312.050800733,17.162305206,0
US,Maryland,MD,2003,82379142000,170.85829501,16.912854373,289.08020194,17.390748851,0
US,Maryland,MD,2004,89164719000,174.108226759,17.183227509,292.401229081,16.309332567,0
US,Maryland,MD,2005,95717611000,176.860565996,17.321865027,300.249734045,16.699615539,0
US,Maryland,MD,2006,99354274000,162.902061921,17.662916509,290.766633615,18.888904405,0
US,Maryland,MD,2007,100733000000,163.359191055,13.289325549,282.682970131,20.572099296,0
US,Maryland,MD,2008,109226000000,154.93639488,13.842490388,284.538069227,21.248980853,0
US,Maryland,MD,2009,114158000000,147.744286434,13.490257844,274.737872503,21.458021869,0
US,Maryland,MD,2010,123269000000,144.640027776,14.795858137,275.140550077,21.198405906,0
US,Maryland,MD,2011,127703000000,135.334930335,15.543495215,294.424021865,22.219731558,0
US,Maryland,MD,2012,128873000000,126.054889036,15.58786255,295.910182118,7.780305882,0
US,Maryland,MD,2013,133481000000,124.868425705,16.109759007,282.929057899,7.540710428,0
US,Maryland,MD,2014,137305000000,129.924973749,16.63115206,312.05553246,7.569345028,0
US,Maryland,MD,2015,145212000000,125.988882815,17.027821044,315.432928671,7.588013602,0
US,Maryland,MD,2016,156336000000,121.923583915,17.165991765,318.714540775,7.449777914,0
US,Maryland,MD,2017,161053000000,111.027358553,17.642103144,327.361088118,7.32297033,0
US,Maryland,MD,2018,162794000000,124.593076879,17.545610923,340.327968552,6.970534278,0
US,Massachusetts,MA,1997,90725167000,173.693389331,3.098245258,72.219455361,8.024048969,0
US,Massachusetts,MA,1998,91037944000,168.921949041,3.989985046,73.648491838,13.777938148,0
US,Massachusetts,MA,1999,93358949000,164.280616418,4.208153045,71.185479151,13.320189906,0
US,Massachusetts,MA,2000,97109045000,166.128876761,4.279063666,73.540419173,13.641706212,0
US,Massachusetts,MA,2001,101676000000,165.129803828,4.531673075,72.737654793,13.949597443,0
US,Massachusetts,MA,2002,108320000000,167.282769938,4.748816047,74.473065276,13.739096395,0
US,Massachusetts,MA,2003,113958000000,170.487650136,4.943519046,71.48405973,13.940378886,0
US,Massachusetts,MA,2004,117149000000,166.872639723,5.131476741,71.692948606,14.165280738,0
US,Massachusetts,MA,2005,125287000000,169.591810473,5.176151735,71.092653969,13.842039422,0
US,Massachusetts,MA,2006,131575000000,153.769625495,5.275819755,72.104778777,13.610494247,0
US,Massachusetts,MA,2007,137163000000,160.083962704,5.181133398,71.892073458,12.552064433,0
US,Massachusetts,MA,2008,142283000000,153.982866106,5.150198458,70.186528401,12.025042812,0
US,Massachusetts,MA,2009,150306000000,140.498738813,5.179608189,74.428978072,12.684584118,0
US,Massachusetts,MA,2010,161879000000,143.652123519,4.98054977,70.300037322,12.16560095,0
US,Massachusetts,MA,2011,164549000000,136.86803189,5.123640464,68.463901126,12.621824002,0
US,Massachusetts,MA,2012,171457000000,123.926897122,4.964332509,68.111909774,13.335529811,0
US,Massachusetts,MA,2013,174179000000,131.483322392,5.085167006,69.374720909,12.840627285,0
US,Massachusetts,MA,2014,176005000000,127.876601647,5.157416722,32.026950636,13.074223475,0
US,Massachusetts,MA,2015,186845000000,131.616739708,5.150637494,31.025312636,13.284063307,0
US,Massachusetts,MA,2016,193427000000,128.569433746,5.230931914,30.409404001,13.844606464,0
US,Massachusetts,MA,2017,194910000000,128.599253503,3.830594906,29.179828465,13.836077437,0
US,Massachusetts,MA,2018,208366000000,126.864178237,3.913548493,30.170197673,13.364809105,0
US,Michigan,MI,1997,101944000000,403.967159073,8.514544147,117.723957654,26.794764082,0
US,Michigan,MI,1998,103224000000,397.669159528,7.802365483,115.125534377,24.112383859,0
US,Michigan,MI,1999,115645000000,414.235092382,8.274788066,118.396376947,23.787183594,0
US,Michigan,MI,2000,115577000000,407.779229683,9.287642173,112.287314345,25.152522273,0
US,Michigan,MI,2001,114166000000,397.462472829,9.514486918,109.186352544,27.160477877,0
US,Michigan,MI,2002,126744000000,398.094181516,9.108075177,105.359898669,30.129424459,0
US,Michigan,MI,2003,130911000000,392.138217399,8.923692843,99.215460443,31.463063536,0
US,Michigan,MI,2004,135105000000,396.016841978,8.73397076,98.825315641,35.588809094,0
US,Michigan,MI,2005,142900000000,398.291292593,8.665381406,105.709315103,38.54868304,0
US,Michigan,MI,2006,142174000000,376.588044683,8.522555938,89.344334428,38.372445857,0
US,Michigan,MI,2007,146015000000,380.102957037,8.60930805,87.277550291,27.201166524,0
US,Michigan,MI,2008,130009000000,365.707214354,15.200358821,83.327607572,28.990658136,0
US,Michigan,MI,2009,124551000000,340.160867681,14.993680561,87.8228096,31.424586555,0
US,Michigan,MI,2010,142565000000,342.440098889,10.790657132,85.021896178,22.815198769,0
US,Michigan,MI,2011,148138000000,333.339073472,8.988647213,95.267692415,21.997241004,0
US,Michigan,MI,2012,158071000000,318.717312308,8.909920625,95.982352614,22.711162222,0
US,Michigan,MI,2013,166082000000,335.333876978,8.977756044,99.47459101,22.004909087,0
US,Michigan,MI,2014,170591000000,333.957345947,9.148448998,97.46410111,20.780122923,0
US,Michigan,MI,2015,180768000000,335.095999013,9.294898678,99.528628936,20.106164135,0
US,Michigan,MI,2016,185778000000,316.574709927,8.806118349,97.056253361,19.698915664,0
US,Michigan,MI,2017,184913000000,318.817998894,8.508034254,98.31026284,20.616169785,0
US,Michigan,MI,2018,190080000000,335.282870606,8.349102508,98.491750237,21.872582613,0
US,Minnesota,MN,1997,54159465000,210.365788206,31.531255362,57.905112051,37.43437136,0
US,Minnesota,MN,1998,55832211000,210.636117476,31.553458784,62.777010896,37.760417924,0
US,Minnesota,MN,1999,58892965000,213.803096306,34.546866982,63.579675345,37.081444716,0
US,Minnesota,MN,2000,64313753000,228.76568822,35.985202733,60.502974671,36.808244202,0
US,Minnesota,MN,2001,64244748000,221.309690661,37.335893045,63.044601702,38.824166742,0
US,Minnesota,MN,2002,68494099000,229.290928675,38.139549033,67.377649837,37.295498519,0
US,Minnesota,MN,2003,75853506000,235.107997942,39.495313633,70.675319757,37.15596776,0
US,Minnesota,MN,2004,83354383000,231.662782215,40.966240865,63.238803503,39.93432098,0
US,Minnesota,MN,2005,92982600000,234.831322731,41.751640738,65.584550978,36.703146978,0
US,Minnesota,MN,2006,94072634000,231.546156103,41.001042297,64.987875839,39.079215773,0
US,Minnesota,MN,2007,95067023000,232.878562306,41.528671327,61.071538815,41.245088708,0
US,Minnesota,MN,2008,95392293000,230.694965024,42.721834643,57.072376556,41.48443302,0
US,Minnesota,MN,2009,97270654000,211.859834186,42.704227483,54.70702035,41.209925068,0
US,Minnesota,MN,2010,103553000000,211.224543164,42.587540164,54.661295672,42.952333865,0
US,Minnesota,MN,2011,108722000000,213.220449483,41.517789337,57.354036286,41.508418063,0
US,Minnesota,MN,2012,114687000000,204.402111601,42.180024904,58.304299895,41.160595853,0
US,Minnesota,MN,2013,119553000000,204.425694824,42.70115615,56.246147612,31.62055637,0
US,Minnesota,MN,2014,125346000000,211.175097648,33.22412546,57.074718276,32.482087241,0
US,Minnesota,MN,2015,126975000000,200.403914023,33.783931322,57.613057678,33.874993116,0
US,Minnesota,MN,2016,128607000000,206.380552017,34.028750353,58.156622208,35.553703425,0
US,Minnesota,MN,2017,129319000000,204.697597172,36.246781071,51.099702308,32.007718036,0
US,Minnesota,MN,2018,138363000000,210.786663765,24.520892584,47.922843043,32.095344023,0
US,Mississippi,MS,1997,21296263000,60.157596106,46.287496274,51.191496313,25.607222058,0
US,Mississippi,MS,1998,20995269000,61.588563123,46.542637352,52.548010821,24.880710949,0
US,Mississippi,MS,1999,22309578000,70.289802724,48.056238241,53.326979691,20.409239698,0
US,Mississippi,MS,2000,22546057000,67.753353542,47.931281771,49.929902807,21.16099036,0
US,Mississippi,MS,2001,23792090000,84.722247136,51.686047401,50.908098704,21.237115098,0
US,Mississippi,MS,2002,23922545000,70.56730876,47.776946066,48.105760613,23.179523992,0
US,Mississippi,MS,2003,27026194000,73.532689553,48.138340867,51.590830158,23.886396072,0
US,Mississippi,MS,2004,28212293000,76.914168877,46.92884885,48.468361128,23.925865228,0
US,Mississippi,MS,2005,30666324000,72.893497806,48.513224014,48.659326552,24.409688125,0
US,Mississippi,MS,2006,32301791000,75.78357588,49.141457586,48.157498326,23.318597431,0
US,Mississippi,MS,2007,35444374000,81.786379757,50.582267785,49.825959408,23.764736347,0
US,Mississippi,MS,2008,35619023000,74.970892611,51.102370178,60.048419398,22.055603708,0
US,Mississippi,MS,2009,34916704000,65.602099716,49.439244993,63.315764484,21.898192297,0
US,Mississippi,MS,2010,36035788000,76.74126296,49.055780655,173.434543088,25.032202492,0
US,Mississippi,MS,2011,37173603000,65.255445237,50.255340212,177.072340274,24.626979541,0
US,Mississippi,MS,2012,38943343000,65.459711505,50.802058303,188.204481936,23.956600291,0
US,Mississippi,MS,2013,39559655000,63.553951121,52.712474048,188.138745286,24.552959494,0
US,Mississippi,MS,2014,39392186000,72.07687176,54.643620371,195.961000301,24.243151037,0
US,Mississippi,MS,2015,39770829000,74.752078682,54.519023343,194.829058981,25.022473954,0
US,Mississippi,MS,2016,39712499000,81.792684038,54.902966662,195.276886183,25.238457758,0
US,Mississippi,MS,2017,40854836000,81.160621695,52.931725226,194.215702645,25.78652282,0
US,Mississippi,MS,2018,41251011000,84.836669537,50.894961993,189.700888088,25.686031816,0
US,Missouri,MO,1997,62103799000,272.431925292,19.147309794,257.863718858,12.53683666,0
US,Missouri,MO,1998,62605015000,277.773788692,19.067864774,262.566346011,13.43261332,0
US,Missouri,MO,1999,64759103000,276.642702535,19.046998912,268.221842606,14.148563874,0
US,Missouri,MO,2000,67032566000,262.753921801,19.249787258,256.270269099,13.781397818,0
US,Missouri,MO,2001,68042829000,278.01031713,19.363375603,247.705826416,13.661638773,0
US,Missouri,MO,2002,71023185000,277.482691554,19.168715146,252.083635282,14.388862253,0
US,Missouri,MO,2003,75561166000,291.406341676,18.858005455,241.485490165,14.504500517,0
US,Missouri,MO,2004,81223673000,296.11405214,19.328159777,235.64545018,14.652141026,0
US,Missouri,MO,2005,85508511000,299.822049308,19.29841853,245.574716627,15.329860398,0
US,Missouri,MO,2006,87145507000,297.015680867,19.213593103,242.296094708,15.280010394,0
US,Missouri,MO,2007,88742683000,296.47086164,21.704410579,241.497537724,15.422921309,0
US,Missouri,MO,2008,92421401000,289.52079093,24.777951205,229.80999131,14.523994597,0
US,Missouri,MO,2009,97405987000,278.226229266,27.130858499,230.002809628,16.517025003,0
US,Missouri,MO,2010,102901000000,288.202878909,29.643644875,116.898978484,16.544430694,0
US,Missouri,MO,2011,102899000000,284.57415045,31.59674913,118.907718418,16.674575285,0
US,Missouri,MO,2012,106472000000,267.798102093,30.994511338,117.897399948,17.743973294,0
US,Missouri,MO,2013,110491000000,283.040850184,34.578799808,115.582484175,17.939383593,0
US,Missouri,MO,2014,112504000000,286.531562514,38.791342735,106.531814115,17.695887241,0
US,Missouri,MO,2015,114179000000,265.971884629,27.797056551,122.157051618,17.198941886,0
US,Missouri,MO,2016,114739000000,252.946812112,25.957885507,119.90529433,17.923224931,0
US,Missouri,MO,2017,114990000000,264.416731853,27.441672777,120.982533672,14.47968825,0
US,Missouri,MO,2018,116699000000,266.608111058,29.773686602,120.911611564,14.303290356,0
US,Montana,MT,1997,7578587000,84.136146083,47.439060935,277.250086723,2.070382403,0
US,Montana,MT,1998,8195805000,87.721099695,49.182886731,280.944730487,2.077277871,0
US,Montana,MT,1999,8249529000,88.734930154,49.385020377,270.170391004,2.087161832,0
US,Montana,MT,2000,8453149000,85.69618756,56.966210287,271.252770566,1.972501822,0
US,Montana,MT,2001,8827632000,86.94988872,56.439237314,262.104737219,2.458851135,0
US,Montana,MT,2002,9009373000,84.70967444,61.664337604,275.767600245,2.202759187,0
US,Montana,MT,2003,10033834000,88.964810752,59.508308896,311.063422927,2.82128446,0
US,Montana,MT,2004,11383893000,93.125411693,60.561447261,377.526563575,2.78368019,0
US,Montana,MT,2005,12959014000,95.727362538,59.048094003,382.459743966,2.770130576,0
US,Montana,MT,2006,13705548000,97.472066159,45.113525014,380.649035556,2.765905059,0
US,Montana,MT,2007,15267327000,102.862493607,44.68585699,373.898283187,2.768046683,0
US,Montana,MT,2008,15542542000,102.124010951,44.762180944,425.850838191,2.807320182,0
US,Montana,MT,2009,14927838000,93.500153448,44.119243199,423.448706984,2.83116298,0
US,Montana,MT,2010,16589873000,96.558854822,43.637150219,437.971439987,2.819249297,0
US,Montana,MT,2011,18133916000,90.83289151,45.041894415,436.698009865,2.486354721,0
US,Montana,MT,2012,18323270000,86.104186057,44.188813021,437.575792583,2.445549465,0
US,Montana,MT,2013,18963160000,90.605385928,44.654811888,438.607544234,2.426677207,0
US,Montana,MT,2014,19343393000,91.715719315,44.868950277,442.181397676,2.403497415,0
US,Montana,MT,2015,19837427000,92.796195457,45.494375228,436.28795009,2.356159856,0
US,Montana,MT,2016,18244780000,88.690848271,45.273086786,436.646830855,2.303189164,0
US,Montana,MT,2017,19848722000,88.192679706,43.991976019,448.835515744,2.271963322,0
US,Montana,MT,2018,20878777000,88.708349843,45.354762962,435.919597825,1.938035115,0
US,Nebraska,NE,1997,19352109000,116.985062917,37.098911662,247.639716619,22.794236986,0
US,Nebraska,NE,1998,19920909000,120.686377262,36.950233396,238.410904653,22.607904231,0
US,Nebraska,NE,1999,20462692000,117.105126303,37.844086638,249.903964047,20.900531701,0
US,Nebraska,NE,2000,21294227000,111.806165776,37.538779186,242.152317889,21.658682619,0
US,Nebraska,NE,2001,22594810000,117.431406162,37.452377745,231.178032274,20.929146027,0
US,Nebraska,NE,2002,22189767000,113.744618073,39.079149825,235.402608241,21.398697925,0
US,Nebraska,NE,2003,25378406000,117.265062292,37.692014094,231.1976577,22.208096633,0
US,Nebraska,NE,2004,27307524000,117.611539182,37.112047952,208.515367539,22.469995718,0
US,Nebraska,NE,2005,30008760000,118.38189584,37.120217375,212.027502665,21.802373908,0
US,Nebraska,NE,2006,31623128000,117.47836821,38.020144167,191.745003758,24.462275936,0
US,Nebraska,NE,2007,33908148000,121.063994509,37.925551712,184.043209877,25.351183396,0
US,Nebraska,NE,2008,33994687000,125.966025905,38.349355456,140.916154872,25.220014513,0
US,Nebraska,NE,2009,35738766000,128.756273517,37.362063159,147.958105728,24.769356844,0
US,Nebraska,NE,2010,39759204000,135.558500729,29.870064782,141.289482239,25.922927047,0
US,Nebraska,NE,2011,46622938000,138.314296857,30.667177713,146.262907782,27.547986891,0
US,Nebraska,NE,2012,46691939000,132.198971928,31.368627345,145.398790902,18.630507465,0
US,Nebraska,NE,2013,49888802000,144.534161959,31.169349279,151.908541661,18.720214667,0
US,Nebraska,NE,2014,51431141000,143.714405376,31.387745925,144.362721868,19.095920493,0
US,Nebraska,NE,2015,53288905000,140.961774765,32.09946599,132.073541302,22.05354221,0
US,Nebraska,NE,2016,53446292000,133.138664744,32.290336402,143.311308378,22.769606996,0
US,Nebraska,NE,2017,54602919000,132.432030394,32.527875533,148.365579559,22.543466462,0
US,Nebraska,NE,2018,56378838000,143.53987563,32.713587075,148.296992404,31.748960831,0
US,Nevada,NV,1997,22608526000,79.29157805,45.782551903,163.975807817,81.418782752,0
US,Nevada,NV,1998,23858893000,83.676048171,44.689020202,160.590543046,83.219763503,0
US,Nevada,NV,1999,26310389000,84.879226911,46.759815059,166.534385507,86.86101738,0
US,Nevada,NV,2000,28205042000,92.060141045,48.375912512,160.329998822,86.706343813,0
US,Nevada,NV,2001,29124565000,90.816181393,49.712815059,193.880639844,88.569397513,0
US,Nevada,NV,2002,31824495000,84.123373323,51.093014713,195.663431366,90.114399649,0
US,Nevada,NV,2003,33917673000,88.879408254,52.616687773,197.55151156,95.078674522,0
US,Nevada,NV,2004,39143920000,97.504905445,55.666425533,161.033295411,38.601266653,0
US,Nevada,NV,2005,44841170000,101.87336482,54.262444663,157.234015769,36.004428196,0
US,Nevada,NV,2006,49527593000,84.960972825,52.155111387,181.358854824,36.072110709,0
US,Nevada,NV,2007,50866461000,85.893075789,53.257807163,190.636424724,36.409512857,0
US,Nevada,NV,2008,49682351000,84.409403296,54.513246513,189.58143136,35.194895749,0
US,Nevada,NV,2009,47488091000,81.806052557,52.528670301,191.409018426,36.265632218,0
US,Nevada,NV,2010,50698519000,78.696453273,48.668085323,185.505426339,35.455882136,0
US,Nevada,NV,2011,52778287000,70.60976357,49.90544465,195.038654771,33.659119404,0
US,Nevada,NV,2012,52575554000,71.530417311,47.077589767,188.963760494,34.660275447,0
US,Nevada,NV,2013,52710673000,76.647732877,46.511436901,198.870064611,34.275863064,0
US,Nevada,NV,2014,51800223000,78.94025872,46.879504173,203.709162301,34.302456735,0
US,Nevada,NV,2015,56107618000,74.831963551,47.964530061,194.260658642,34.006480097,0
US,Nevada,NV,2016,57315065000,77.034487775,48.002197106,202.511917146,32.879833939,0
US,Nevada,NV,2017,61870205000,76.806077507,45.699595563,205.3362403,31.328006287,0
US,Nevada,NV,2018,64548322000,79.917626169,45.684759624,215.52281207,31.479205175,0
US,New Hampshire,NH,1997,15319685000,27.043538009,1.577120622,523.381561194,492.592634065,0
US,New Hampshire,NH,1998,15737825000,27.071380273,1.571551269,534.381922085,506.505565442,0
US,New Hampshire,NH,1999,15500604000,27.323518993,1.591008881,529.804117053,503.893635483,0
US,New Hampshire,NH,2000,16218488000,28.573929325,1.596857951,514.654998707,509.383957893,0
US,New Hampshire,NH,2001,16594149000,27.502689188,1.543203567,533.070632484,520.239766301,0
US,New Hampshire,NH,2002,18187518000,28.960381583,1.54831559,534.202325107,513.520655636,0
US,New Hampshire,NH,2003,19285221000,35.609264244,1.494451744,508.845320929,495.219665806,0
US,New Hampshire,NH,2004,20491230000,37.676707833,1.469956584,509.346302213,541.153918752,0
US,New Hampshire,NH,2005,20972432000,36.332315811,1.468788147,510.951025926,576.189219257,0
US,New Hampshire,NH,2006,22221730000,32.51171598,1.472558806,494.583103279,577.051131581,0
US,New Hampshire,NH,2007,22604459000,32.13730613,1.440901968,527.160456341,571.134450754,0
US,New Hampshire,NH,2008,21685973000,31.280988533,1.357996999,510.270566215,576.991158275,0
US,New Hampshire,NH,2009,23133338000,27.85744525,1.378992609,509.400417751,582.620398543,0
US,New Hampshire,NH,2010,24931589000,27.012612773,1.402506214,513.65737633,555.279395642,0
US,New Hampshire,NH,2011,24797858000,26.248712818,1.54515913,511.173764417,542.121572024,0
US,New Hampshire,NH,2012,26218397000,22.887356354,1.564243378,516.468391167,545.137709886,0
US,New Hampshire,NH,2013,26808891000,22.446647017,1.740542459,535.781022061,499.691977738,0
US,New Hampshire,NH,2014,26930629000,23.955694127,2.114570429,547.17557363,484.688932099,0
US,New Hampshire,NH,2015,28458846000,24.479797175,1.967998176,541.64260868,492.022696907,0
US,New Hampshire,NH,2016,29427237000,21.621361081,2.037396709,525.468350727,926.815218306,0
US,New Hampshire,NH,2017,28919646000,21.212968048,2.056200106,540.803718456,909.238942796,0
US,New Hampshire,NH,2018,29925080000,22.700658961,1.976407871,432.013260063,911.080322068,0
US,New Jersey,NJ,1997,113056000000,260.947708094,21.500880995,-34.511206813,4.345158301,0
US,New Jersey,NJ,1998,110113000000,251.0591811,23.414235245,-44.314059263,5.894136127,0
US,New Jersey,NJ,1999,116531000000,257.633572987,23.662975289,-46.857403855,5.995957923,0
US,New Jersey,NJ,2000,122852000000,257.040903393,24.492808012,-14.128816799,4.968076949,0
US,New Jersey,NJ,2001,130314000000,250.502154315,24.986794159,0.991128388999996,5.511280009,0
US,New Jersey,NJ,2002,135870000000,249.750132963,15.984776768,5.276008209,5.037741076,0
US,New Jersey,NJ,2003,141853000000,253.349427683,15.926413167,6.867447097,5.39363218,0
US,New Jersey,NJ,2004,142932000000,259.063316024,17.07045376,22.00706364,5.523844115,0
US,New Jersey,NJ,2005,151590000000,268.10444078,16.859633795,22.462649756,4.738938004,0
US,New Jersey,NJ,2006,160184000000,253.032152592,17.335362871,23.626432325,4.75568502,0
US,New Jersey,NJ,2007,164594000000,268.140104351,17.190683549,21.76052708,4.87841083,0
US,New Jersey,NJ,2008,181335000000,263.969268416,16.744820821,26.355801495,4.96560946,0
US,New Jersey,NJ,2009,177437000000,230.124928084,16.339373769,27.996305122,5.129904171,0
US,New Jersey,NJ,2010,183947000000,235.095778997,16.320861241,23.369132698,5.181174728,0
US,New Jersey,NJ,2011,180444000000,237.574175581,16.033700171,25.437009926,5.263748728,0
US,New Jersey,NJ,2012,192371000000,214.935779963,15.707886158,21.970889494,5.210700705,0
US,New Jersey,NJ,2013,198725000000,220.932415409,15.285372568,21.079133575,5.255412839,0
US,New Jersey,NJ,2014,196769000000,233.68090587,14.80772909,22.863933028,5.562008835,0
US,New Jersey,NJ,2015,205617000000,230.047273864,14.859749795,19.810815009,5.495572303,0
US,New Jersey,NJ,2016,212140000000,228.779678474,14.207684993,19.015296024,5.50921162,0
US,New Jersey,NJ,2017,211187000000,212.029233513,14.154483289,25.403468012,5.522320234,0
US,New Jersey,NJ,2018,221179000000,223.621468493,14.173506368,23.810694547,5.366575673,0
US,New Mexico,NM,1997,25921222000,148.396305291,12.917624418,522.311670415,9.196506333,0
US,New Mexico,NM,1998,22877383000,148.884320463,12.552248028,506.510623043,9.02105899,0
US,New Mexico,NM,1999,24291871000,150.091966506,12.983150156,517.280561689,9.361909309,0
US,New Mexico,NM,2000,24481286000,160.467443643,13.066962331,496.802905464,9.689139023,0
US,New Mexico,NM,2001,23522192000,161.535472723,12.737441287,454.997597606,9.778549256,0
US,New Mexico,NM,2002,24034122000,157.307772123,12.409599372,466.102087365,10.343151658,0
US,New Mexico,NM,2003,27154611000,162.567118366,12.349906355,456.572670868,10.042260886,0
US,New Mexico,NM,2004,31897158000,165.620357144,11.772980227,432.682713931,9.768957258,0
US,New Mexico,NM,2005,33656552000,168.691714418,12.22095097,470.244920722,9.905716708,0
US,New Mexico,NM,2006,34163884000,172.688619285,11.697435166,467.837319728,9.749906607,0
US,New Mexico,NM,2007,34791804000,169.126488985,11.412197004,450.139490733,9.483496859,0
US,New Mexico,NM,2008,36566164000,166.10535287,12.041724198,454.029498477,9.768541611,0
US,New Mexico,NM,2009,35773512000,167.000412376,12.351862267,443.295777297,10.051255501,0
US,New Mexico,NM,2010,37379415000,158.735689987,12.283185206,458.931924994,9.778122158,0
US,New Mexico,NM,2011,38782975000,163.67820195,12.434281347,501.34322936,9.66119764,0
US,New Mexico,NM,2012,38028663000,159.649571144,14.001265633,496.949683175,8.852596264,0
US,New Mexico,NM,2013,38284739000,158.817814574,13.949651294,503.890600539,8.906316851,0
US,New Mexico,NM,2014,39747026000,150.713477864,18.126115926,510.409273669,15.389746256,0
US,New Mexico,NM,2015,36828351000,153.469442074,18.122766378,517.949166836,14.886690308,0
US,New Mexico,NM,2016,36043946000,150.92113875,18.135084523,497.731950849,14.860466834,0
US,New Mexico,NM,2017,36951552000,151.133385591,18.287416209,508.215342688,15.91743849,0
US,New Mexico,NM,2018,38417611000,147.344342889,42.030236506,514.313396731,15.381934144,0
US,New York,NY,1997,285946000000,419.21700661,341.086332049,33.705080369,14.901288483,0
US,New York,NY,1998,282285000000,416.853249281,348.371227543,55.433179905,14.211751596,0
US,New York,NY,1999,305524000000,422.401373599,351.701214417,56.995656013,14.888251523,0
US,New York,NY,2000,309367000000,433.332620696,354.297702211,53.642479005,9.507237301,0
US,New York,NY,2001,333484000000,424.235626782,358.217957097,62.154239545,8.967834354,0
US,New York,NY,2002,350263000000,413.531899845,363.206879278,36.015326079,8.991936449,0
US,New York,NY,2003,354833000000,435.332221136,365.525770958,34.682230101,8.900440529,0
US,New York,NY,2004,372164000000,442.209649482,370.995616089,39.233262882,8.480406207,0
US,New York,NY,2005,387437000000,434.160567543,374.336635475,39.672646311,8.336278977,0
US,New York,NY,2006,402892000000,396.420699141,377.023423871,40.311897569,8.376036731,0
US,New York,NY,2007,396264000000,408.699984432,384.718599308,41.202652773,8.47286437,0
US,New York,NY,2008,379649000000,389.089404297,388.249597557,42.914600015,8.28979783,0
US,New York,NY,2009,460327000000,354.812535835,390.510670979,40.698704745,7.7289476,0
US,New York,NY,2010,489273000000,356.760886236,400.736095135,41.379391082,7.54071842,0
US,New York,NY,2011,488738000000,337.148015746,412.263926529,40.61980199,7.907927315,0
US,New York,NY,2012,544781000000,330.000782895,418.64340953,44.483127493,7.421755733,0
US,New York,NY,2013,556536000000,332.932590369,428.454747656,45.991437279,6.923800319,0
US,New York,NY,2014,579531000000,349.077272448,439.204688024,46.056509287,6.800689011,0
US,New York,NY,2015,600088000000,345.815681244,430.668674081,48.426825942,6.644200531,0
US,New York,NY,2016,648249000000,337.750842151,436.876836647,47.373291156,6.22969617,0
US,New York,NY,2017,656018000000,326.636315304,436.059731379,43.29443872,6.758683337,0
US,New York,NY,2018,698932000000,346.234949412,376.104999265,44.513902267,6.082735349,0
US,North Carolina,NC,1997,93019850000,269.041270121,822.313319472,101.249872816,15.263025437,0
US,North Carolina,NC,1998,95791934000,267.583990698,802.613650767,99.196091577,14.314924384,0
US,North Carolina,NC,1999,104006000000,264.875337582,800.425877768,104.368571665,13.958001549,0
US,North Carolina,NC,2000,105673000000,281.555966882,790.317548946,103.310724306,15.137162463,0
US,North Carolina,NC,2001,111365000000,272.418056805,797.749872566,102.683508145,15.389915716,0
US,North Carolina,NC,2002,117169000000,275.269998957,790.679907269,127.144876193,15.970402484,0
US,North Carolina,NC,2003,123139000000,277.472927426,753.521945553,132.452377676,15.530523086,0
US,North Carolina,NC,2004,131138000000,283.440597308,755.859461447,119.309188546,15.316721523,0
US,North Carolina,NC,2005,145226000000,290.85924731,789.23761776,107.691182281,15.96185899,0
US,North Carolina,NC,2006,161835000000,280.128532928,787.067126081,109.623800665,16.300798374,0
US,North Carolina,NC,2007,163354000000,291.617158408,799.374243468,111.644035162,16.058133506,0
US,North Carolina,NC,2008,175612000000,280.833561242,810.851463098,112.907685917,14.564491771,0
US,North Carolina,NC,2009,171655000000,246.94510233,809.418586819,113.276910123,15.499319176,0
US,North Carolina,NC,2010,174937000000,264.390735225,809.493333182,117.678395184,14.966078697,0
US,North Carolina,NC,2011,180758000000,235.91403722,801.142508038,120.037899845,15.260403348,0
US,North Carolina,NC,2012,183676000000,221.014533256,787.123725835,126.86220985,27.154913969,0
US,North Carolina,NC,2013,194849000000,227.429504227,783.371880449,131.92732298,26.922415858,0
US,North Carolina,NC,2014,201028000000,229.844189717,780.005772965,135.337591245,25.887818402,0
US,North Carolina,NC,2015,214148000000,217.915547476,781.905972198,130.674710741,25.680543562,0
US,North Carolina,NC,2016,221613000000,217.743531645,786.475770351,138.391770523,24.465350493,0
US,North Carolina,NC,2017,231848000000,209.60927103,795.832112343,139.005167711,25.017494313,0
US,North Carolina,NC,2018,234913000000,215.92792693,812.759432374,149.099260669,25.895003558,0
US,North Dakota,ND,1997,5905652000,98.978206543,1.952679586,99.328265075,37.372499687,0
US,North Dakota,ND,1998,6670856000,97.966412742,1.873649127,58.431259396,28.068170409,0
US,North Dakota,ND,1999,6829669000,100.046973913,1.880697664,56.875247563,38.614693466,0
US,North Dakota,ND,2000,7416129000,101.117981752,23.977138389,59.248635018,46.070501038,0
US,North Dakota,ND,2001,7514242000,104.052378078,21.121749135,64.346620555,45.907099553,0
US,North Dakota,ND,2002,7847347000,102.57547194,21.501884028,64.049189448,47.94550402,0
US,North Dakota,ND,2003,9180388000,102.644524028,16.611166597,61.044633738,48.140917535,0
US,North Dakota,ND,2004,9272135000,100.080062486,14.978428341,56.869953764,49.542817769,0
US,North Dakota,ND,2005,10242896000,106.383195818,13.289517984,60.666661631,49.937725788,0
US,North Dakota,ND,2006,10789915000,101.582845662,13.116551906,62.59773395,50.354372108,0
US,North Dakota,ND,2007,12331818000,109.83388753,11.984899467,64.722324292,49.724958276,0
US,North Dakota,ND,2008,14037359000,113.730148106,10.466981048,65.003105891,49.722889303,0
US,North Dakota,ND,2009,13771371000,112.35403358,10.068342704,62.519086206,49.409220356,0
US,North Dakota,ND,2010,15943888000,118.366810406,9.394835631,48.673226903,51.487429658,0
US,North Dakota,ND,2011,18498784000,124.144807527,8.885451549,51.441620984,51.41403247,0
US,North Dakota,ND,2012,24666522000,136.35747923,8.896470365,46.588866822,50.489584449,0
US,North Dakota,ND,2013,25184551000,151.638316518,9.102484109,40.591827876,48.228346446,0
US,North Dakota,ND,2014,27082443000,164.21352471,9.044551009,38.470639123,44.183401875,0
US,North Dakota,ND,2015,23542916000,155.725391144,7.717024114,42.866628123,43.752886092,0
US,North Dakota,ND,2016,21794553000,139.249151214,7.271443432,32.077922344,43.374056541,0
US,North Dakota,ND,2017,23981171000,145.271837483,8.179895566,34.515913575,42.137695654,0
US,North Dakota,ND,2018,26442525000,160.067518643,7.901428043,31.592094237,38.780485882,0
US,Ohio,OH,1997,125809000000,572.500602545,25.867769043,3801.56134974,79.767655977,0
US,Ohio,OH,1998,131812000000,567.97424106,26.712160094,3786.09308031,78.504447747,0
US,Ohio,OH,1999,135446000000,564.715578528,25.074888777,3860.746971182,78.846781788,0
US,Ohio,OH,2000,140147000000,574.308007995,19.304294265,3840.872198856,72.426780664,0
US,Ohio,OH,2001,140143000000,556.116101238,18.315323734,3910.577352075,70.805496872,0
US,Ohio,OH,2002,149294000000,562.476517308,18.657763261,3887.47641196,73.549937012,0
US,Ohio,OH,2003,153840000000,575.610662009,18.483456715,3690.909074769,77.265338345,0
US,Ohio,OH,2004,164364000000,568.441448985,38.453664086,3806.613621309,80.861549846,0
US,Ohio,OH,2005,177847000000,579.79767605,36.124602479,3690.917433846,78.315717047,0
US,Ohio,OH,2006,180555000000,564.773021268,40.996762115,3606.151657108,81.055175683,0
US,Ohio,OH,2007,184880000000,577.133868088,35.540718734,3670.602289575,83.168823349,0
US,Ohio,OH,2008,181807000000,564.6451988,33.950280107,3556.582722161,83.79253345,0
US,Ohio,OH,2009,182490000000,510.786216247,31.704288893,3322.533347348,83.413274063,0
US,Ohio,OH,2010,195392000000,533.295372369,31.615065141,3253.492039741,115.520739658,0
US,Ohio,OH,2011,210737000000,506.373827174,29.988983907,3251.272535904,116.851979393,0
US,Ohio,OH,2012,215642000000,463.878837584,27.964298893,3039.78177305,108.194468531,0
US,Ohio,OH,2013,224319000000,494.453144595,27.247670258,3110.113051961,105.214131258,0
US,Ohio,OH,2014,238573000000,497.795867169,32.824775746,3151.432760635,108.173951677,0
US,Ohio,OH,2015,241553000000,460.451950159,32.553883437,3204.347010901,106.212102109,0
US,Ohio,OH,2016,246051000000,446.633336566,32.215753207,3280.941278902,108.231726411,0
US,Ohio,OH,2017,250162000000,444.188964701,32.44847047,3309.406445384,105.450003105,0
US,Ohio,OH,2018,262388000000,447.903981996,32.193133225,3346.025055197,104.882086053,0
US,Oklahoma,OK,1997,30165634000,236.327084302,38.821463844,8326.236520417,93.251855819,0
US,Oklahoma,OK,1998,29450908000,231.406358854,45.447930579,8313.546264681,98.292317268,0
US,Oklahoma,OK,1999,30636002000,224.683602725,47.104179913,8420.92041691,99.00474756,0
US,Oklahoma,OK,2000,33284697000,230.050056039,44.735435627,8621.303316565,96.962100332,0
US,Oklahoma,OK,2001,36288673000,238.401850944,43.983484066,8574.954257679,99.236030861,0
US,Oklahoma,OK,2002,37554876000,239.115170695,45.009433422,8572.181032487,98.463862762,0
US,Oklahoma,OK,2003,41875809000,245.875408465,43.989916721,8650.792418212,94.896909839,0
US,Oklahoma,OK,2004,46201592000,237.975112647,43.269601531,8729.756821385,96.699115882,0
US,Oklahoma,OK,2005,53552261000,251.129470089,44.17628056,8694.743618959,95.950538284,0
US,Oklahoma,OK,2006,59223348000,256.260688666,45.168738942,8583.769179566,93.16602389,0
US,Oklahoma,OK,2007,63548176000,257.899897446,45.688324868,8783.923336658,93.394058772,0
US,Oklahoma,OK,2008,74309110000,265.223835983,44.526217103,8587.63078179,94.122479648,0
US,Oklahoma,OK,2009,62082347000,254.029889834,47.818358427,8007.521243486,92.944799962,0
US,Oklahoma,OK,2010,66950474000,254.932623373,49.099716645,8175.785096581,91.741099726,0
US,Oklahoma,OK,2011,74004962000,261.483868279,49.189016882,8051.32179341,92.573095323,0
US,Oklahoma,OK,2012,77120520000,253.976407874,46.997713257,7864.815323473,93.609709406,0
US,Oklahoma,OK,2013,81499207000,252.940506927,46.158238702,7985.695954469,92.781943252,0
US,Oklahoma,OK,2014,91512324000,255.575398799,39.811630825,8021.023230869,95.281159665,0
US,Oklahoma,OK,2015,79681426000,249.667310714,42.94543766,7878.833674025,94.874390635,0
US,Oklahoma,OK,2016,76066497000,239.465898318,42.423474403,7869.413844877,96.763438329,0
US,Oklahoma,OK,2017,82001611000,234.680442219,40.636124517,7815.690968865,100.549247996,0
US,Oklahoma,OK,2018,87587416000,241.238015486,41.080059919,8035.54887628,101.384661806,0
US,Oregon,OR,1997,40064349000,38.079366658,41.722043302,84.765033089,481.165278551,0
US,Oregon,OR,1998,40963900000,49.462016498,32.582304571,74.279857632,480.959708998,0
US,Oregon,OR,1999,40000502000,51.101361751,34.209750206,74.521879661,473.736192289,0
US,Oregon,OR,2000,43349143000,45.336159914,34.31554713,74.313158906,459.971268918,0
US,Oregon,OR,2001,41632269000,43.813251587,33.250590785,69.537034621,468.275747268,0
US,Oregon,OR,2002,44745560000,40.542848157,33.76900283,62.20276029,453.948350969,0
US,Oregon,OR,2003,48498083000,42.060829284,35.700278407,61.582362334,433.180430482,0
US,Oregon,OR,2004,52942517000,44.396479099,33.651889221,65.045592598,482.20907129,0
US,Oregon,OR,2005,55984976000,44.677594396,33.713464069,64.266507619,491.157485748,0
US,Oregon,OR,2006,59811734000,42.467364115,33.608683647,68.525093113,490.253350092,0
US,Oregon,OR,2007,60851825000,49.412737857,34.797971422,70.155451617,461.820967366,0
US,Oregon,OR,2008,64665006000,47.089805008,35.1040887,72.35308085,464.309406478,0
US,Oregon,OR,2009,63724549000,42.926881947,35.220089425,72.250700092,471.261707441,0
US,Oregon,OR,2010,66673417000,43.233419015,35.496969522,77.304881852,80.398159851,0
US,Oregon,OR,2011,69624171000,35.806150384,29.748302597,78.983348385,81.678119721,0
US,Oregon,OR,2012,68306503000,34.141304337,31.129763047,84.018739248,82.714414504,0
US,Oregon,OR,2013,69425216000,40.33051014,31.124718703,83.012416084,80.428810573,0
US,Oregon,OR,2014,72301466000,39.005819319,33.337978433,85.016287895,80.946586175,0
US,Oregon,OR,2015,77339835000,39.351293709,33.54092736,86.392807775,83.859443518,0
US,Oregon,OR,2016,81718264000,38.410194726,36.035052128,89.858311339,83.513160884,0
US,Oregon,OR,2017,85402691000,40.567164584,35.138231402,91.946361666,82.759282167,0
US,Oregon,OR,2018,91404427000,42.972289112,35.176066628,97.429776514,81.239940068,0
US,Pennsylvania,PA,1997,130253000000,602.503043501,64.916030641,63.966009042,28.018652105,0
US,Pennsylvania,PA,1998,133482000000,571.31459876,63.245576083,68.604188888,28.042103444,0
US,Pennsylvania,PA,1999,137858000000,560.208322927,63.8497915,68.1379106,27.915115469,0
US,Pennsylvania,PA,2000,141053000000,586.250032826,63.241596909,67.901588811,26.817044775,0
US,Pennsylvania,PA,2001,148417000000,555.735017236,62.672526783,66.646693206,26.750919398,0
US,Pennsylvania,PA,2002,155952000000,566.213884971,65.622055252,66.720792749,26.941309412,0
US,Pennsylvania,PA,2003,165374000000,573.051571751,67.604006771,67.701422093,26.058077618,0
US,Pennsylvania,PA,2004,176092000000,580.91057581,66.480059906,65.102699445,25.375108514,0
US,Pennsylvania,PA,2005,185563000000,583.852963582,64.051553214,71.923200491,24.050881197,0
US,Pennsylvania,PA,2006,188171000000,570.728147615,64.779219591,67.497668032,24.621210912,0
US,Pennsylvania,PA,2007,205935000000,579.236267759,70.042509463,62.098630417,25.653029165,0
US,Pennsylvania,PA,2008,221726000000,564.178611518,68.050435216,66.85921142,26.310838381,0
US,Pennsylvania,PA,2009,224323000000,517.15552056,65.565064558,64.082563266,25.234373542,0
US,Pennsylvania,PA,2010,237923000000,537.090564436,63.432663656,58.811231921,25.185762194,0
US,Pennsylvania,PA,2011,243508000000,518.680111914,60.198331572,66.615123477,26.602152383,0
US,Pennsylvania,PA,2012,255480000000,499.147017206,57.786282198,59.973392672,25.827773094,0
US,Pennsylvania,PA,2013,264727000000,523.575668983,56.070128425,56.023728921,26.950887329,0
US,Pennsylvania,PA,2014,277963000000,525.275546707,54.004617594,55.550465323,28.284748261,0
US,Pennsylvania,PA,2015,280687000000,493.940878573,45.962401904,50.782914213,28.979651127,0
US,Pennsylvania,PA,2016,287215000000,465.772866518,50.260522596,48.591704373,30.032791374,0
US,Pennsylvania,PA,2017,289004000000,468.638086427,48.77032628,42.96657983,29.383367726,0
US,Pennsylvania,PA,2018,296443000000,477.908058283,61.366251198,45.244604718,28.124230846,0
US,Rhode Island,RI,1997,10175217000,28.442090979,99.915227454,74.538368621,0,0
US,Rhode Island,RI,1998,10932659000,28.941755924,99.68888253,74.564978826,0,0
US,Rhode Island,RI,1999,11355707000,27.507324763,100.989494215,75.939038473,0,0
US,Rhode Island,RI,2000,12006684000,24.677639844,101.56058107,73.973973261,0,0
US,Rhode Island,RI,2001,12445787000,25.568242,95.812924277,81.154244247,0,0
US,Rhode Island,RI,2002,13296754000,24.414815445,101.915989345,90.881033597,0,0
US,Rhode Island,RI,2003,13610732000,23.886898141,103.047397262,92.059519385,0,0
US,Rhode Island,RI,2004,15039142000,22.891050738,100.606564874,88.478452175,0,0
US,Rhode Island,RI,2005,16023460000,23.173835003,94.919584951,81.492120405,0,0
US,Rhode Island,RI,2006,17462900000,21.727932446,112.253675348,129.726789686,0,0
US,Rhode Island,RI,2007,16840990000,22.773066966,111.940049364,141.330814343,0,0
US,Rhode Island,RI,2008,16417373000,21.9540601,112.693616202,141.560633945,0,0
US,Rhode Island,RI,2009,17804554000,22.851824002,113.57219733,144.130763163,0,0
US,Rhode Island,RI,2010,18452905000,22.335934251,117.474347215,217.86492743,0,0
US,Rhode Island,RI,2011,18692273000,22.368294952,118.733971236,216.39670903,0,0
US,Rhode Island,RI,2012,19231710000,21.314924283,118.78517277,211.426000052,0,0
US,Rhode Island,RI,2013,19638155000,20.498181546,112.05748076,213.824698376,0,0
US,Rhode Island,RI,2014,19678454000,21.491553776,112.607412139,216.329454178,0,0
US,Rhode Island,RI,2015,20134275000,21.998293921,110.917833838,211.099063634,0,0
US,Rhode Island,RI,2016,20234481000,19.625617335,112.041028169,213.822985626,0,0
US,Rhode Island,RI,2017,19526479000,20.420760515,115.642002541,210.263086125,0,0
US,Rhode Island,RI,2018,19590797000,22.681117041,117.275069301,210.826760325,0,0
US,South Carolina,SC,1997,35309495000,130.100015408,91.258961045,211.745271948,0,0
US,South Carolina,SC,1998,36681050000,136.343017727,91.993979843,204.768963373,0,0
US,South Carolina,SC,1999,39301857000,142.860365486,92.384940843,213.874978688,0,0
US,South Carolina,SC,2000,40242728000,149.320306899,93.218724478,192.385217107,0,0
US,South Carolina,SC,2001,42303219000,147.014339471,93.10577429,198.834509969,0,0
US,South Carolina,SC,2002,45711667000,150.050542341,94.445063046,198.148734758,0,0
US,South Carolina,SC,2003,48554964000,151.81366741,96.089112224,190.131570676,0,0
US,South Carolina,SC,2004,49204714000,167.498419894,95.330155414,195.688723675,0,0
US,South Carolina,SC,2005,53000895000,163.186141009,94.00841827,196.398193892,0,0
US,South Carolina,SC,2006,55242915000,164.73038443,91.268999223,164.080630725,0,0
US,South Carolina,SC,2007,59108051000,164.799965354,89.752391101,177.768012931,0,0
US,South Carolina,SC,2008,58175455000,159.125428028,89.157219221,173.525155815,0,0
US,South Carolina,SC,2009,60450942000,148.140754461,90.902014199,162.877708487,0,0
US,South Carolina,SC,2010,62819761000,154.098786954,88.676154012,105.227933662,0,0
US,South Carolina,SC,2011,64607260000,144.422614936,92.929240857,110.830778557,0,0
US,South Carolina,SC,2012,66667631000,131.502735498,93.127131582,103.207835235,0,0
US,South Carolina,SC,2013,69687992000,124.990776138,94.024005308,113.038986905,0,0
US,South Carolina,SC,2014,72838086000,133.237564412,93.418152195,105.145094316,0,0
US,South Carolina,SC,2015,78308632000,131.665109787,92.636674855,103.127852085,0,0
US,South Carolina,SC,2016,82965421000,129.211862024,89.94393617,119.911148098,0,0
US,South Carolina,SC,2017,84467504000,125.288657,90.714831348,109.05288715,0,0
US,South Carolina,SC,2018,87292615000,134.08956779,93.08573536,109.23869056,0,0
US,South Dakota,SD,1997,8080749000,43.672370783,202.16625262,217.592330887,0,0
US,South Dakota,SD,1998,8684188000,43.013878489,207.35385155,203.649501172,0,0
US,South Dakota,SD,1999,8995035000,44.579085714,207.428582122,190.194408353,0,0
US,South Dakota,SD,2000,9851029000,44.0511577,205.111105625,204.093668933,0,0
US,South Dakota,SD,2001,10123067000,44.727594476,207.467866966,216.79795133,0,0
US,South Dakota,SD,2002,12112743000,43.082639959,212.767220256,212.476386181,0,0
US,South Dakota,SD,2003,12535612000,44.548833036,172.940482552,196.173396722,0,0
US,South Dakota,SD,2004,13614743000,45.053928869,769.602574674,195.76254071,0,0
US,South Dakota,SD,2005,14875169000,43.985814722,774.222851702,235.724980038,0,0
US,South Dakota,SD,2006,15118298000,42.326942089,781.264987891,199.424985951,0,0
US,South Dakota,SD,2007,16606927000,45.327890093,798.955147979,199.588218241,0,0
US,South Dakota,SD,2008,17403593000,47.659778265,816.305497183,199.180859169,0,0
US,South Dakota,SD,2009,17221792000,48.659176042,824.43076413,199.176927009,0,0
US,South Dakota,SD,2010,18026582000,50.750989064,818.634907059,219.751560661,0,0
US,South Dakota,SD,2011,21041933000,48.435027336,816.158644101,219.759576651,0,0
US,South Dakota,SD,2012,22232138000,46.987995191,806.476793966,214.471982408,0,0
US,South Dakota,SD,2013,23096763000,53.469865564,794.130268669,217.786160508,0,0
US,South Dakota,SD,2014,23230350000,55.503166334,792.798720747,208.004371996,0,0
US,South Dakota,SD,2015,23458620000,55.512206411,792.810898755,208.26966851,0,0
US,South Dakota,SD,2016,23840544000,51.816027964,798.452931221,208.440508758,0,0
US,South Dakota,SD,2017,23661227000,50.756017374,808.723142641,199.029856983,0,0
US,South Dakota,SD,2018,24755210000,54.258883359,810.188808011,201.994083211,0,0
US,Tennessee,TN,1997,56801075000,239.114025002,62.648778544,1112.593056248,0,0
US,Tennessee,TN,1998,63996478000,237.567472806,68.230469729,1135.4903165,0,0
US,Tennessee,TN,1999,66809667000,238.337012765,72.351713368,1155.533636924,0,0
US,Tennessee,TN,2000,66815565000,247.887217797,72.339831743,1154.744939895,0,0
US,Tennessee,TN,2001,68719421000,247.219889174,69.207474521,1163.491088102,0,0
US,Tennessee,TN,2002,74042089000,244.945205721,67.052920411,1151.241439049,0,0
US,Tennessee,TN,2003,77725283000,242.643413855,68.523642018,1176.145394713,0,0
US,Tennessee,TN,2004,83882262000,245.938995053,69.238042224,1172.02082185,0,0
US,Tennessee,TN,2005,90191698000,247.281272192,66.582088514,1150.096045883,0,0
US,Tennessee,TN,2006,94943329000,252.65311527,65.123691176,1141.943396319,0,0
US,Tennessee,TN,2007,93009005000,251.244091532,64.088579687,1136.770277011,0,0
US,Tennessee,TN,2008,95782660000,238.994712809,53.70732356,1123.158318448,0,0
US,Tennessee,TN,2009,102139000000,196.823756252,64.27246857,1115.605935938,0,0
US,Tennessee,TN,2010,103470000000,212.090954692,64.73886135,1087.961755818,0,0
US,Tennessee,TN,2011,109185000000,203.951636254,58.04415519,1065.345202927,0,0
US,Tennessee,TN,2012,115872000000,191.134270708,52.09651523,1087.658553251,0,0
US,Tennessee,TN,2013,121955000000,191.537413927,51.8109657,1087.03999764,0,0
US,Tennessee,TN,2014,126064000000,203.376852497,53.26906767,1065.670070342,0,0
US,Tennessee,TN,2015,135549000000,196.496040772,56.67201991,1054.56029033,0,0
US,Tennessee,TN,2016,140042000000,201.398072894,56.61400272,1055.150210478,0,0
US,Tennessee,TN,2017,144998000000,192.809953092,58.33302715,1031.625821527,0,0
US,Tennessee,TN,2018,146386000000,187.085196292,56.8653985,1087.901457387,0,0
US,Texas,TX,1997,244941000000,1533.13618508,0,1299.80505031,0,0
US,Texas,TX,1998,245730000000,1533.995690514,0,1280.205255,0,0
US,Texas,TX,1999,253513000000,1508.241225264,0,1324.55523941,0,0
US,Texas,TX,2000,274636000000,1547.878420413,0,1324.61411491,0,0
US,Texas,TX,2001,290137000000,1530.801632197,0,1311.0866994,0,0
US,Texas,TX,2002,299342000000,1563.461514855,0,1354.54737745,0,0
US,Texas,TX,2003,328902000000,1551.982127167,0,1400.50005623,0,0
US,Texas,TX,2004,382307000000,1560.516203269,0,1356.32850853,0,0
US,Texas,TX,2005,427800000000,1498.865340363,0,1398.90026179,0,0
US,Texas,TX,2006,484611000000,1508.368770244,0,1497.4816379,0,0
US,Texas,TX,2007,523376000000,1504.653370739,0,1513.10138294,0,0
US,Texas,TX,2008,547564000000,1450.572140522,0,1530.05749058,0,0
US,Texas,TX,2009,490693000000,1383.514478221,0,1536.21876622,0,0
US,Texas,TX,2010,545307000000,1453.946358038,0,1550.18591928,0,0
US,Texas,TX,2011,602528000000,1517.977383586,0,1580.15282884,0,0
US,Texas,TX,2012,631842000000,1512.507693014,0,1543.04597909,0,0
US,Texas,TX,2013,690781000000,1587.887929494,0,1554.17068604,0,0
US,Texas,TX,2014,697596000000,1595.259500094,0,1543.75970399,0,0
US,Texas,TX,2015,651005000000,1595.845792404,0,1515.26974515,0,0
US,Texas,TX,2016,643212000000,1598.698663204,0,1495.67053874,0,0
US,Texas,TX,2017,695117000000,1633.729370233,0,1505.26165881,0,0
US,Texas,TX,2018,760497000000,1691.674996094,0,1477.19986596,0,0
US,Utah,UT,1997,21611078000,136.475283013,0,6845.14309037,0,0
US,Utah,UT,1998,23178629000,140.310190911,0,6514.07913126,0,0
US,Utah,UT,1999,24521916000,135.532309043,0,6501.94875713,0,0
US,Utah,UT,2000,25717049000,137.267158871,0,6612.342347994,0,0
US,Utah,UT,2001,26481063000,132.760934585,0,6731.38571904,0,0
US,Utah,UT,2002,28312768000,129.991559896,0,6753.18910979,0,0
US,Utah,UT,2003,29891637000,132.798066027,0,6868.670493328,0,0
US,Utah,UT,2004,33214156000,140.314007353,0,7186.092201355,0,0
US,Utah,UT,2005,38546005000,142.825738089,0,7372.893432495,0,0
US,Utah,UT,2006,43887954000,145.310177643,0,7358.919107147,0,0
US,Utah,UT,2007,47050021000,149.18009584,0,7450.126915424,0,0
US,Utah,UT,2008,47622591000,150.109887492,0,7611.561085108,0,0
US,Utah,UT,2009,46786054000,141.553195793,0,7510.231642597,0,0
US,Utah,UT,2010,50676674000,142.131946007,0,7547.710173986,0,0
US,Utah,UT,2011,53731776000,140.3551543,0,7578.463392353,0,0
US,Utah,UT,2012,53771326000,134.111205553,0,7675.438461508,0,0
US,Utah,UT,2013,55922231000,147.236599415,0,7686.486026514,0,0
US,Utah,UT,2014,58860648000,144.814718915,0,7587.942198862,0,0
US,Utah,UT,2015,60971601000,141.155617101,0,7638.427116242,0,0
US,Utah,UT,2016,64347698000,129.179004262,0,7401.050455963,0,0
US,Utah,UT,2017,68306518000,129.040761536,0,6959.624573768,0,0
US,Utah,UT,2018,75454010000,132.046160148,0,7176.482929583,0,0
US,Vermont,VT,1997,5209710000,8.51644928,0,160.9162203,0,0
US,Vermont,VT,1998,5198976000,8.04206888,0,173.08796219,0,0
US,Vermont,VT,1999,5605599000,8.552846438,0,174.98597601,0,0
US,Vermont,VT,2000,5948586000,8.92754625,0,170.36686237,0,0
US,Vermont,VT,2001,6220161000,8.977989742,0,163.00425934,0,0
US,Vermont,VT,2002,6704058000,8.407492878,0,163.26144344,0,0
US,Vermont,VT,2003,7029067000,8.911823151,0,168.07193015,0,0
US,Vermont,VT,2004,7812445000,9.745810129,0,66.74230583,0,0
US,Vermont,VT,2005,7765020000,9.106640167,0,62.83551122,0,0
US,Vermont,VT,2006,7962317000,8.761302918,0,62.09655442,0,0
US,Vermont,VT,2007,7701091000,8.407293517,0,68.22795492,0,0
US,Vermont,VT,2008,8502865000,7.26587527,0,67.36335204,0,0
US,Vermont,VT,2009,8960687000,7.896514447,0,69.6119816,0,0
US,Vermont,VT,2010,9878293000,7.448372574,0,68.41991657,0,0
US,Vermont,VT,2011,10167482000,7.312704533,0,69.70309239,0,0
US,Vermont,VT,2012,10418139000,6.560387734,0,68.99373611,0,0
US,Vermont,VT,2013,9766057000,7.648638676,0,66.19296725,0,0
US,Vermont,VT,2014,10141059000,8.091748432,0,64.69593126,0,0
US,Vermont,VT,2015,10157237000,8.793050731,0,65.55042675,0,0
US,Vermont,VT,2016,10454958000,8.385253096,0,65.74344298,0,0
US,Vermont,VT,2017,10376824000,8.27343967,0,64.72119554,0,0
US,Vermont,VT,2018,10421009000,8.474032719,0,66.90094264,0,0
US,Virginia,VA,1997,76237621000,211.167212963,0,0,0,0
US,Virginia,VA,1998,81875337000,209.978792223,0,0,0,0
US,Virginia,VA,1999,89269685000,213.294761496,0,0,0,0
US,Virginia,VA,2000,93412407000,228.822802477,0,0,0,0
US,Virginia,VA,2001,101719000000,223.64521972,0,0,0,0
US,Virginia,VA,2002,106519000000,220.634581183,0,0,0,0
US,Virginia,VA,2003,111319000000,229.817849276,0,0,0,0
US,Virginia,VA,2004,116556000000,236.791929457,0,0,0,0
US,Virginia,VA,2005,127337000000,237.381962581,0,0,0,0
US,Virginia,VA,2006,135208000000,225.169961657,0,0,0,0
US,Virginia,VA,2007,138038000000,237.247360919,0,0,0,0
US,Virginia,VA,2008,144490000000,214.621371128,0,0,0,0
US,Virginia,VA,2009,148077000000,190.56524542,0,0,0,0
US,Virginia,VA,2010,158444000000,200.192128467,0,0,0,0
US,Virginia,VA,2011,161081000000,179.651029439,0,0,0,0
US,Virginia,VA,2012,164165000000,172.125362578,0,0,0,0
US,Virginia,VA,2013,170066000000,189.287992859,0,0,0,0
US,Virginia,VA,2014,170318000000,186.085306475,0,0,0,0
US,Virginia,VA,2015,176257000000,182.662285679,0,0,0,0
US,Virginia,VA,2016,181008000000,184.316282526,0,0,0,0
US,Virginia,VA,2017,182238000000,175.875677302,0,0,0,0
US,Virginia,VA,2018,190660000000,184.828289137,0,0,0,0
US,Washington,WA,1997,72446364000,156.222762323,0,0,0,0
US,Washington,WA,1998,76716314000,165.834092423,0,0,0,0
US,Washington,WA,1999,85342390000,167.821962037,0,0,0,0
US,Washington,WA,2000,84431546000,163.771961224,0,0,0,0
US,Washington,WA,2001,83915753000,152.426024922,0,0,0,0
US,Washington,WA,2002,89565770000,139.139538786,0,0,0,0
US,Washington,WA,2003,93420918000,142.574091489,0,0,0,0
US,Washington,WA,2004,97280742000,145.588504234,0,0,0,0
US,Washington,WA,2005,111907000000,147.634547588,0,0,0,0
US,Washington,WA,2006,119398000000,143.33954499,0,0,0,0
US,Washington,WA,2007,132814000000,153.587314499,0,0,0,0
US,Washington,WA,2008,138467000000,147.094598257,0,0,0,0
US,Washington,WA,2009,141830000000,141.105189698,0,0,0,0
US,Washington,WA,2010,150812000000,139.041066434,0,0,0,0
US,Washington,WA,2011,156428000000,127.91851477,0,0,0,0
US,Washington,WA,2012,164742000000,127.923298782,0,0,0,0
US,Washington,WA,2013,172426000000,135.350328785,0,0,0,0
US,Washington,WA,2014,179315000000,131.921956615,0,0,0,0
US,Washington,WA,2015,192208000000,138.023286747,0,0,0,0
US,Washington,WA,2016,196197000000,147.677090186,0,0,0,0
US,Washington,WA,2017,207659000000,147.516851231,0,0,0,0
US,Washington,WA,2018,225366000000,146.962885536,0,0,0,0
US,West Virginia,WV,1997,13885061000,255.473999879,0,0,0,0
US,West Virginia,WV,1998,14251705000,262.727955162,0,0,0,0
US,West Virginia,WV,1999,14934606000,263.36314523,0,0,0,0
US,West Virginia,WV,2000,14530030000,259.587243857,0,0,0,0
US,West Virginia,WV,2001,14893501000,243.012102758,0,0,0,0
US,West Virginia,WV,2002,15912071000,265.951448821,0,0,0,0
US,West Virginia,WV,2003,16457345000,257.717851712,0,0,0,0
US,West Virginia,WV,2004,17634797000,253.705243707,0,0,0,0
US,West Virginia,WV,2005,19833933000,259.407233255,0,0,0,0
US,West Virginia,WV,2006,21407576000,259.645410364,0,0,0,0
US,West Virginia,WV,2007,22568513000,263.344390655,0,0,0,0
US,West Virginia,WV,2008,24177412000,262.271242099,0,0,0,0
US,West Virginia,WV,2009,25383879000,221.750232324,0,0,0,0
US,West Virginia,WV,2010,26684827000,242.802469567,0,0,0,0
US,West Virginia,WV,2011,27882629000,232.861521348,0,0,0,0
US,West Virginia,WV,2012,27536254000,219.136886287,0,0,0,0
US,West Virginia,WV,2013,28397299000,224.367573171,0,0,0,0
US,West Virginia,WV,2014,29063742000,239.720402529,0,0,0,0
US,West Virginia,WV,2015,27582854000,221.71219767,0,0,0,0
US,West Virginia,WV,2016,28084699000,223.320862571,0,0,0,0
US,West Virginia,WV,2017,29981286000,216.972497172,0,0,0,0
US,West Virginia,WV,2018,30881617000,209.803462973,0,0,0,0
US,Wisconsin,WI,1997,50462289000,218.873256261,0,0,0,0
US,Wisconsin,WI,1998,53446908000,213.261325572,0,0,0,0
US,Wisconsin,WI,1999,56541841000,222.807210716,0,0,0,0
US,Wisconsin,WI,2000,58484581000,227.411941831,0,0,0,0
US,Wisconsin,WI,2001,61242423000,223.641494306,0,0,0,0
US,Wisconsin,WI,2002,63661637000,226.368419358,0,0,0,0
US,Wisconsin,WI,2003,67530696000,221.423576368,0,0,0,0
US,Wisconsin,WI,2004,72218968000,225.180387737,0,0,0,0
US,Wisconsin,WI,2005,79326110000,231.754039261,0,0,0,0
US,Wisconsin,WI,2006,83054081000,216.789362187,0,0,0,0
US,Wisconsin,WI,2007,85584930000,219.319160254,0,0,0,0
US,Wisconsin,WI,2008,82424231000,218.980590427,0,0,0,0
US,Wisconsin,WI,2009,86874126000,200.358685967,0,0,0,0
US,Wisconsin,WI,2010,94344086000,205.728281989,0,0,0,0
US,Wisconsin,WI,2011,97389504000,204.777890478,0,0,0,0
US,Wisconsin,WI,2012,102583000000,190.518169142,0,0,0,0
US,Wisconsin,WI,2013,104565000000,210.552441965,0,0,0,0
US,Wisconsin,WI,2014,110769000000,210.278412272,0,0,0,0
US,Wisconsin,WI,2015,116316000000,208.727564417,0,0,0,0
US,Wisconsin,WI,2016,118370000000,201.286787809,0,0,0,0
US,Wisconsin,WI,2017,115809000000,206.098144704,0,0,0,0
US,Wisconsin,WI,2018,120257000000,211.452104418,0,0,0,0
US,Wyoming,WY,1997,6273127000,197.0189415,0,0,0,0
US,Wyoming,WY,1998,5977972000,180.17494919,0,0,0,0
US,Wyoming,WY,1999,6312016000,177.581070529,0,0,0,0
US,Wyoming,WY,2000,7028346000,182.03001728,0,0,0,0
US,Wyoming,WY,2001,7918039000,185.401243343,0,0,0,0
US,Wyoming,WY,2002,7809796000,184.201094514,0,0,0,0
US,Wyoming,WY,2003,9065568000,190.104612221,0,0,0,0
US,Wyoming,WY,2004,10345867000,192.476610108,0,0,0,0
US,Wyoming,WY,2005,13222201000,195.655467504,0,0,0,0
US,Wyoming,WY,2006,16010906000,200.686163058,0,0,0,0
US,Wyoming,WY,2007,18463436000,210.054026785,0,0,0,0
US,Wyoming,WY,2008,22826445000,210.884106088,0,0,0,0
US,Wyoming,WY,2009,17478507000,201.047915119,0,0,0,0
US,Wyoming,WY,2010,18614652000,205.589591186,0,0,0,0
US,Wyoming,WY,2011,19614591000,200.583685672,0,0,0,0
US,Wyoming,WY,2012,18004944000,215.290073553,0,0,0,0
US,Wyoming,WY,2013,17809599000,226.793812854,0,0,0,0
US,Wyoming,WY,2014,18271502000,210.55523547,0,0,0,0
US,Wyoming,WY,2015,16516120000,180.691786594,0,0,0,0
US,Wyoming,WY,2016,15164898000,162.389202848,0,0,0,0
US,Wyoming,WY,2017,15976363000,198.608348883,0,0,0,0
US,Wyoming,WY,2018,17122283000,179.014580985,0,0,0,0
