Country,State,Year,Population,All GHG,CH4,CO2,N2O,F-Gas
US,AL,1997,4367935,254.141698463,31.207629638,146.722910481,15.302018913,31.620180997
US,AL,1998,4404701,250.081408298,42.71133555,160.696618736,15.753292482,31.053523396
US,AL,1999,4430141,253.152870903,44.520139777,159.291922516,15.901747644,13.055162569
US,AL,2000,4452173,264.369897054,45.148196906,183.617789669,16.525944642,16.503109941
US,AL,2001,4467634,244.859269109,42.14496732,192.625725853,16.01689635,17.732532364
US,AL,2002,4480089,250.791221249,44.101411897,203.474531072,15.801556699,16.360641361
US,AL,2003,4503491,253.380000635,46.158717326,206.566779131,24.586110298,17.397147835
US,AL,2004,4530729,257.250382377,55.250447561,213.317157717,24.512775162,21.83305824
US,AL,2005,4569805,257.19364812,53.30476668,224.654745,24.659385593,26.130570678
US,AL,2006,4628981,261.063022306,50.758386977,224.346169211,24.022845696,29.365254655
US,AL,2007,4672840,266.664888106,49.861357773,217.795380161,23.333125738,32.560197483
US,AL,2008,4718206,256.361364177,48.946911703,224.771041051,23.107487629,35.687816382
US,AL,2009,4757938,215.481912737,45.602450061,234.18522027,22.362295151,37.913557772
US,AL,2010,4785514,239.541810617,43.21998534,229.331874581,21.703807131,39.42412007
US,AL,2011,4799642,227.983291977,44.258777847,226.810575694,20.977472107,41.239482966
US,AL,2012,4816632,211.886289647,46.407334801,215.122557932,19.869333949,43.082270743
US,AL,2013,4831586,207.514487303,45.95911568,224.584264632,19.160923757,44.544275036
US,AL,2014,4843737,210.778784893,43.982698327,223.21042008,19.631756998,45.887375907
US,AL,2015,4854803,201.247546142,43.307634522,215.249133528,19.355670773,47.538234507
US,AL,2016,4866824,188.423628081,45.957798238,214.740544802,18.619645053,49.530789388
US,AL,2017,4877989,180.734351691,45.583515921,208.312057837,17.808773427,51.608048464
US,AL,2018,4891628,186.309130084,43.894937679,182.894614208,17.167328636,53.751487784
US,AK,1997,612968,100.880942268,13.134724728,87.170960558,4.311565676,30.816697071
US,AK,1998,619932,101.665862489,12.060179148,84.45913822,4.384333353,32.408289813
US,AK,1999,624779,101.585035816,11.571688987,78.65038214,4.305722464,34.429062134
US,AK,2000,627963,101.886647293,11.115279309,74.693812209,3.993694591,36.309222562
US,AK,2001,633714,99.688960776,10.468229257,73.897762165,3.884820392,37.835922425
US,AK,2002,642337,100.372229883,9.757620203,75.126301443,3.734754762,38.816360256
US,AK,2003,648414,100.44740666,8.54745108,73.518364061,3.678456811,39.572745085
US,AK,2004,659286,107.926520164,6.39206907,67.806065519,3.563552204,38.644742244
US,AK,2005,666946,108.348161805,6.468036205,65.963459554,3.527912256,39.582066257
US,AK,2006,675302,102.699123972,6.506035988,67.469138673,3.335153853,40.543599491
US,AK,2007,680300,98.80889862,5.929424339,66.029461776,3.333637747,41.231338644
US,AK,2008,687455,89.69505171962,14.713124529,67.322537069,3.217685611,41.610749381
US,AK,2009,698895,84.153825335,14.878082151,68.826808794,3.373169619,32.08441661
US,AK,2010,713982,86.000421718,14.693728066,68.668231365,3.153370268,22.250004561
US,AK,2011,722349,85.286970168,13.544976247,69.230410584,3.070748632,17.610962446
US,AK,2012,730810,82.738775234,13.172199412,73.364925879,3.257025702,13.252542254
US,AK,2013,737626,77.696293857,12.678294611,74.333750135,3.100892121,13.44024761
US,AK,2014,737075,74.826044355,12.370166355,74.387151238,3.204145051,15.092416026
US,AK,2015,738430,76.614372277,11.83675089,79.362503603,3.262444107,16.943526205
US,AK,2016,742575,74.736017799,11.230929981,80.118704544,2.925294721,17.747750201
US,AK,2017,740983,74.42723872,10.761692651,78.496131663,2.836098452,13.928911218
US,AK,2018,736624,74.685021763,14.412566262,85.985238375,11.778641301,16.606032151
US,AZ,1997,4736990,156.806019149,17.271840193,93.11747755,24.417712774,12.738931236
US,AZ,1998,4883342,165.983525079,16.422237085,96.254077045,38.318936471,14.47165982
US,AZ,1999,5023823,174.132644152,16.058954831,103.285130027,36.232646998,15.504851014
US,AZ,2000,5160586,184.520736176,17.877709418,96.740336203,36.15155187,15.839583693
US,AZ,2001,5273477,190.526284103,16.540583354,94.098052356,41.176431862,16.241022434
US,AZ,2002,5396255,189.170991992,33.053804181,106.037368033,39.622371346,17.9396783
US,AZ,2003,5510364,193.243020908,33.453934333,112.282366701,40.267264628,19.054649439
US,AZ,2004,5652404,207.183053822,34.095038394,112.399093157,39.655682142,19.988833065
US,AZ,2005,5839077,207.428371403,34.351691584,115.9578098,38.366356534,21.031746181
US,AZ,2006,6029141,213.79140505,36.274642642,126.067023058,38.090869415,22.17281711
US,AZ,2007,6167681,217.927128754,37.184203217,127.147366222,38.623465907,23.364729287
US,AZ,2008,6280362,218.610514875,36.920995666,131.460608189,39.013452582,24.584862312
US,AZ,2009,6343154,200.464618331,36.113400401,133.719628946,40.716826657,25.780529868
US,AZ,2010,6407342,203.515484643,35.953406435,133.900686921,41.275942373,26.73034176
US,AZ,2011,6473416,199.589191822,37.450889963,122.369229306,41.90241316,27.515070585
US,AZ,2012,6556344,195.279089226,39.272877297,121.477439415,42.544116504,28.201088775
US,AZ,2013,6634690,202.968278423,37.911574072,121.131326612,42.04790485,28.968567834
US,AZ,2014,6732873,199.309469132,38.749209429,121.999919579,41.302195599,29.707043044
US,AZ,2015,6832810,194.969773366,38.76099507,126.928321657,40.889492216,30.467450194
US,AZ,2016,6944767,187.1695238,40.185823578,126.53137994,41.208354754,31.061402401
US,AZ,2017,7048088,185.806059567,40.350213255,127.514771002,40.386808224,31.557485735
US,AZ,2018,7164228,193.757823657,35.203845971,122.225702789,31.962081788,25.315443523
US,AR,1997,2601090,103.434361836,99.384786808,849.590005537,31.620185814,31.202088515
US,AR,1998,2626289,104.816407893,100.835120106,846.508219107,33.182594689,32.073769667
US,AR,1999,2651860,110.26834836,99.164001579,838.998673926,32.790860134,32.828503687
US,AR,2000,2678588,108.534613253,97.24329325,836.836005917,32.28177026,33.467195841
US,AR,2001,2691571,109.476017504,99.200826866,860.224626872,32.149082579,33.977234839
US,AR,2002,2705927,108.373444487,73.656512438,873.086071376,35.883833572,31.21561067
US,AR,2003,2724816,112.012557665,74.776344323,839.914164234,36.632371141,29.035395925
US,AR,2004,2749686,112.413483261,71.665117125,802.523881813,45.768255189,25.807568007
US,AR,2005,2781097,107.659376552,76.142783055,789.126170514,52.018559209,22.518477131
US,AR,2006,2821761,110.751777561,78.776100287,766.982882794,51.65440416,18.194401348
US,AR,2007,2848650,115.093639977,82.615718299,770.144504525,54.68976221,13.986636219
US,AR,2008,2874554,117.85353288,82.571910076,781.117034999,52.950018218,12.105738659
US,AR,2009,2896843,112.412550267,76.15197269,778.584178168,53.183189826,10.538379623
US,AR,2010,2921998,124.121260274,76.320418006,794.124695703,43.18728774,10.571700445
US,AR,2011,2941038,124.572417422,72.336533755,797.456211957,40.884187598,10.904549
US,AR,2012,2952876,121.839317606,78.757269379,751.375803623,40.211557571,13.686955635
US,AR,2013,2960459,127.727851112,81.152019696,743.812341813,40.618956271,15.613051887
US,AR,2014,2968759,130.714267211,81.286861567,362.096396834,41.056601986,16.554923215
US,AR,2015,2979732,110.338456223,74.918766581,356.420964699,42.178347459,17.755075045
US,AR,2016,2991815,116.07327011,75.230817158,345.595656168,43.379749335,19.441654389
US,AR,2017,3003855,120.42179574,75.875396643,354.992170576,43.136052577,20.911875715
US,AR,2018,3012161,134.631426696,76.723747966,362.13680375,41.833475348,22.059118129
US,CA,1997,32486010,743.751736237,18.558638045,126.86315669,3.320113238,20.806791779
US,CA,1998,32987675,763.557170546,18.996904614,127.355814059,3.291348828,11.325165733
US,CA,1999,33499204,773.080974417,19.198822776,133.587342838,3.297229579,7.931490504
US,CA,2000,33987977,801.58107625,23.483157896,141.510786002,3.282004492,10.008790715
US,CA,2001,34479458,805.672941942,24.245189955,145.236517419,3.225601007,10.998245034
US,CA,2002,34871843,806.813689546,24.79927396,146.846822973,3.365636408,11.969638311
US,CA,2003,35253159,786.322460554,24.571713016,146.949795194,3.174017747,13.00894142
US,CA,2004,35574576,823.51206589,23.365757334,150.729948291,3.207260651,14.274320132
US,CA,2005,35827943,817.047166231,26.571073595,153.022694412,3.039397288,15.64203416
US,CA,2006,36021202,832.914775291,26.341628487,158.227846499,2.878553261,16.79064486
US,CA,2007,36250311,846.713170614,27.709419441,169.421615143,2.727355247,17.783720235
US,CA,2008,36604337,811.832386292,28.574605466,167.026478146,2.565814366,18.765886777
US,CA,2009,36961229,779.737652893,29.359717837,162.719185298,2.401363335,19.808879998
US,CA,2010,37319550,768.732753276,30.929223034,166.832750088,2.386172549,20.720313891
US,CA,2011,37636311,741.235371998,32.459553053,167.919577149,2.106338973,21.624569307
US,CA,2012,37944551,746.7305823,32.694877334,170.101702326,1.892421773,22.58450525
US,CA,2013,38253768,757.372170587,31.040812315,175.140541163,1.782521769,23.72903153
US,CA,2014,38586706,752.564528385,31.780565082,171.275430733,1.739908719,24.828391099
US,CA,2015,38904296,764.98905755,31.395102027,164.911758795,1.721472749,25.87130622
US,CA,2016,39149186,767.591159825,30.35812523,164.940370627,1.50515294,26.251756351
US,CA,2017,39337785,772.758695962,31.471054812,163.256310922,1.42412828,26.751726519
US,CA,2018,39437463,774.08921691,30.317804363,163.475864666,1.377217765,26.171006067
US,CO,1997,4018293,195.219857278,1.819501554,75.502047022,1.007931251,36.138415174
US,CO,1998,4116639,198.532701805,1.850982886,75.35644223,0.940493464,36.943074185
US,CO,1999,4226018,202.530071523,1.772407575,71.5983849,0.880187833,38.571374453
US,CO,2000,4326921,215.625656273,0.82836516,69.523187837,0.89941327,34.039457167
US,CO,2001,4425687,232.136512657,0.922077079,72.636373984,0.872522237,33.938664599
US,CO,2002,4490406,229.530211097,1.573588285,70.339530547,1.135168971,33.90494507
US,CO,2003,4528732,226.299245455,1.61302267,68.319814132,1.341663605,29.379084355
US,CO,2004,4575013,229.726054511,1.605717277,66.049077303,1.287202854,24.862025911
US,CO,2005,4631888,238.996727698,1.517989158,68.00889985,1.293264258,23.479219828
US,CO,2006,4720423,238.420370636,1.71229486,72.593217981,1.306340746,22.17420659
US,CO,2007,4803868,247.370785569,1.81827748,75.701147483,1.271885353,20.007770582
US,CO,2008,4889730,245.544803969,1.80795383,78.485005328,1.383383847,18.526016081
US,CO,2009,4972195,239.942008826,1.493817857,76.537408995,1.311576598,14.335945523
US,CO,2010,5047539,248.716558477,1.754196896,73.518594237,1.316385688,16.800432797
US,CO,2011,5121900,243.710810333,1.716975475,72.389374618,1.264750413,17.968925624
US,CO,2012,5193660,240.176213506,1.345018388,67.979055188,1.300242343,18.9150099
US,CO,2013,5270774,240.270556337,1.032560226,69.684365378,1.266519244,18.522758098
US,CO,2014,5352637,242.350269036,1.299212693,72.444311184,6.105606397,21.273407449
US,CO,2015,5454328,239.14748993,1.533649866,71.52308313,5.849319996,23.407039276
US,CO,2016,5543844,230.814984416,1.553692675,74.784281239,5.83541339,25.317482705
US,CO,2017,5617421,234.120991446,1.541059074,77.478257013,6.052511208,26.653671967
US,CO,2018,5697155,235.721253225,1.470486879,74.413692292,5.258835827,27.590616152
US,CT,1997,3349348,85.386463765,4.90340954,27.658980606,22.706306657,127.854822828
US,CT,1998,3365352,80.52597517,5.038105206,27.575192013,23.599793242,159.938279571
US,CT,1999,3386401,83.029835051,5.078477323,27.566592315,25.08139753,184.899509205
US,CT,2000,3411777,85.665975099,4.943498725,26.80154119,25.085372672,205.038008795
US,CT,2001,3432835,82.682225554,4.921913746,26.423650243,24.608367795,222.802265458
US,CT,2002,3458749,79.651977858,4.77871058,27.045536402,24.432042477,237.786963779
US,CT,2003,3484336,85.360095421,4.679039524,26.931468009,23.40031519,246.557074514
US,CT,2004,3496094,89.346953177,4.684756223,27.428407054,23.046222378,255.367601333
US,CT,2005,3506956,87.650020898,4.579408188,24.424623625,23.183827592,265.412121398
US,CT,2006,3517460,81.29609482,4.474870845,25.368012923,22.204413202,273.379022757
US,CT,2007,3527270,79.743122574,4.444010501,26.317355118,21.737753668,281.704169263
US,CT,2008,3545579,74.934941446,4.381585198,22.103395148,21.695347534,293.221918231
US,CT,2009,3561807,70.557939083,4.311913204,21.832025264,20.227262843,307.693944166
US,CT,2010,3579173,71.249279988,4.300980416,22.348872797,19.53910945,324.269640109
US,CT,2011,3588632,68.420665702,4.395850514,23.258385818,18.898715705,342.752742042
US,CT,2012,3595211,66.764604715,4.26378245,23.385015978,17.702056642,360.874426009
US,CT,2013,3595792,68.326686628,4.2667184,22.635600384,17.02179332,374.943981992
US,CT,2014,3595697,68.754618356,4.235295024,22.598642136,13.324110853,379.174454822
US,CT,2015,3588561,71.40460154,4.236540684,23.475150678,12.840135263,382.620531265
US,CT,2016,3579830,66.91127493,4.243083675,22.346536821,13.131054795,389.553640475
US,CT,2017,3575324,65.941442089,4.295698747,23.906070473,12.914889373,396.605195095
US,CT,2018,3574561,72.851363117,4.200203948,28.964437715,12.761256771,400.356894068
US,DE,1997,751487,35.377167876,33.370812301,389.255257495,7.155593462,31.282366748
US,DE,1998,763335,33.855363226,33.018542397,385.576011631,6.87111167,27.080635939
US,DE,1999,774990,34.21505633,32.931109878,380.856613908,6.662836607,23.535020911
US,DE,2000,786373,34.523705655,32.26176424,370.618419444,7.306663716,21.865696677
US,DE,2001,795699,33.071112343,33.822968245,354.797115826,9.493747831,20.131262837
US,DE,2002,806169,32.697334716,33.091890526,371.245499737,9.674327787,19.635869102
US,DE,2003,818003,34.291594958,33.16248321,355.615157137,9.834475209,18.8994575
US,DE,2004,830803,34.05386099,32.711295415,347.350744844,10.965380667,16.524306238
US,DE,2005,845150,35.520527605,33.10007612,332.463261219,12.631144819,14.572054889
US,DE,2006,859268,33.017814898,33.820334351,344.354381728,12.95081478,15.451261596
US,DE,2007,871749,34.733814321,33.31432189,342.914150596,12.664487038,16.241364684
US,DE,2008,883874,32.906738087,33.966953663,356.815156143,12.5611373,17.886513012
US,DE,2009,891730,24.384244925,34.017304758,357.385640895,12.142505937,19.134550819
US,DE,2010,899647,24.429553069,32.202128015,362.118726104,11.651101172,16.272750419
US,DE,2011,907590,26.558846951,33.898867075,319.014761242,11.78934152,15.249088535
US,DE,2012,915518,28.379105584,32.688118527,405.943248202,16.179800801,18.150440536
US,DE,2013,924062,28.052305248,33.64061278,416.085823676,15.904969797,18.915089734
US,DE,2014,933131,27.749203226,33.393226037,420.930098479,15.67532769,19.461066678
US,DE,2015,942065,27.939135355,34.17967835,429.12491516,15.729448868,20.441439244
US,DE,2016,949989,28.775601703,34.643800267,440.530739164,14.483692541,22.407010531
US,DE,2017,957942,27.092050491,34.943819995,451.644931923,14.948582638,25.626616883
US,DE,2018,966985,27.39600621,33.656633045,462.860731989,14.131999488,28.163541607
US,DC,1997,567736,9.850046593,11.439619822,171.582114087,36.233101528,29.376899676
US,DC,1998,565230,9.438245255,11.123971399,167.837042052,37.192844441,31.329596688
US,DC,1999,570213,9.495295382,11.425686028,174.752007303,35.23410168,33.549673391
US,DC,2000,572046,9.897230539,11.027722729,173.842041065,36.235464468,35.673241798
US,DC,2001,574504,9.424219245,11.237048569,164.556371575,35.506011017,38.047230476
US,DC,2002,573158,9.634797786,11.466827524,168.456800846,34.687169379,40.141652744
US,DC,2003,568502,9.039237703,12.192358679,174.409599603,36.485651012,42.438293788
US,DC,2004,567754,9.326630189,11.792283006,179.366626335,35.55293884,44.15179002
US,DC,2005,567136,8.998571753,11.892121936,171.029966029,34.053466818,45.535512702
US,DC,2006,570681,7.454419929,11.218977573,159.142867108,37.281342,46.766140949
US,DC,2007,574404,7.806576831,11.390652503,163.576507714,34.161631578,48.467612363
US,DC,2008,580236,7.221080879,11.814092443,153.457430888,35.033983358,50.338101572
US,DC,2009,592228,7.182649487,11.379471763,139.188175114,34.104153949,51.514762846
US,DC,2010,605282,7.231996383,11.6801024,140.558609914,35.364573492,52.3276476
US,DC,2011,620290,6.97224345,11.970451329,149.500771058,33.978479529,53.226834141
US,DC,2012,635737,6.104699953,11.273394435,35.090406646,29.613041246,32.857510493
US,DC,2013,651559,6.460957087,12.170524287,33.211074633,29.448952421,30.965543743
US,DC,2014,663603,6.858600956,12.348539765,27.141252704,26.743354746,29.964534046
US,DC,2015,677014,6.759446019,12.397379196,25.575526,31.25344061,30.168273673
US,DC,2016,687576,6.365188972,12.633278126,37.276569215,32.970544759,30.306006426
US,DC,2017,697079,6.013121072,12.993028177,31.021930577,32.413784705,20.735528353
US,DC,2018,704147,6.560837545,13.511135802,28.603200114,31.014331689,16.331605375
US,FL,1997,15186304,450.494937225,17.15576947,40.371491302,46.686462109,26.546444854
US,FL,1998,15486559,477.840838255,17.378055127,40.636472139,46.877053746,26.426100596
US,FL,1999,15759421,479.352560962,18.013501328,40.331609177,47.053093995,24.349224421
US,FL,2000,16047515,506.440642004,17.720013133,40.476497062,48.573181592,21.275837396
US,FL,2001,16356966,502.321817021,18.914340696,41.392183979,50.809179177,17.007628637
US,FL,2002,16689370,515.236300395,14.204475572,41.840183674,47.0834874,14.816772113
US,FL,2003,17004085,521.945555769,14.584610403,43.403430108,46.61445538,14.084767706
US,FL,2004,17415318,544.063029959,15.23888064,45.538710681,50.321427098,12.257812304
US,FL,2005,17842038,550.302440699,16.059072286,44.848924936,46.804009467,13.042688306
US,FL,2006,18166990,551.520187126,15.470348349,44.843745016,46.833308563,14.644058138
US,FL,2007,18367842,541.171199897,14.616967691,43.362612051,45.68440243,15.942312592
US,FL,2008,18527305,503.477648004,11.460815945,42.734288476,44.642196502,16.547456777
US,FL,2009,18652644,468.723229468,11.536681695,41.243147925,46.100563944,13.753602926
US,FL,2010,18846143,500.817256238,11.666755948,40.647080825,74.060680481,15.111133635
US,FL,2011,19055607,481.003810018,11.46694684,39.276125693,71.902439231,16.158596641
US,FL,2012,19302016,470.376141394,11.66024825,39.626318518,74.288812694,17.231252895
US,FL,2013,19551678,459.404968482,12.101576098,39.081694772,68.551240819,18.139873448
US,FL,2014,19853880,467.284303566,12.090757548,40.320520479,71.99238065,19.286553223
US,FL,2015,20219111,478.765101955,12.331838162,40.49898731,72.390616291,20.274159253
US,FL,2016,20627237,481.098212045,12.486990285,42.303824518,73.070697505,21.358384075
US,FL,2017,20977089,478.994235104,12.693714393,43.625573314,70.698250526,22.404802076
US,FL,2018,21254926,480.761676434,12.760467927,46.278552299,70.452967604,23.586615471
US,GA,1997,7685099,288.726290323,36.19238942,81.380364657,83.049805806,68.32050822
US,GA,1998,7863536,289.532731052,39.823265328,80.310077889,86.911198329,77.658038578
US,GA,1999,8045965,294.315546057,41.026425547,79.9018631,86.882845841,97.325913692
US,GA,2000,8227303,310.871034556,42.662186902,88.526308754,81.497683507,111.72715813
US,GA,2001,8377038,296.510832672,45.182975392,89.751596914,87.047191974,125.205630619
US,GA,2002,8508256,306.828568706,44.995524579,87.744979994,85.995559862,135.407141314
US,GA,2003,8622793,313.562971424,44.985310004,89.240406722,80.63667318,146.323345163
US,GA,2004,8769252,323.275937088,43.309944807,85.716208899,87.147316239,152.053488745
US,GA,2005,8925922,342.477648218,42.998779714,79.283340165,87.459100651,155.749475411
US,GA,2006,9155813,336.023546367,42.279365449,79.423445946,86.776340345,161.788579971
US,GA,2007,9349988,341.045648793,41.454505953,79.403261614,86.585673252,167.024680948
US,GA,2008,9504843,314.956819096,42.05749892,81.090161553,87.171542361,171.306993527
US,GA,2009,9620846,295.965952484,42.936118702,82.885468534,85.219710857,176.010247949
US,GA,2010,9712209,313.36277579,42.759391237,79.146202504,55.925695922,180.52191652
US,GA,2011,9803630,281.489549423,42.883225821,81.814706921,55.227506654,179.032633506
US,GA,2012,9903580,240.109790916,48.084698729,79.063589477,56.289087951,183.70106407
US,GA,2013,9975592,236.105663494,48.715808101,76.000087264,55.959934554,193.178741027
US,GA,2014,10071204,245.523114638,50.967303854,80.347127374,56.18648443,197.634986496
US,GA,2015,10183353,241.121764329,49.333307318,73.766656656,56.877257169,201.606929341
US,GA,2016,10308442,239.644499148,49.917492864,73.489243449,55.57675841,201.700514211
US,GA,2017,10417031,234.938627311,50.688775957,73.606288733,54.476463587,199.344738189
US,GA,2018,10519389,233.831604656,48.653734077,77.451095516,53.937740998,205.813042822
US,HI,1997,1211640,40.840970499,46.407948438,381.001476594,27.556072316,10.217187792
US,HI,1998,1215233,40.953457353,46.007667543,352.897924665,28.268366434,8.222447841
US,HI,1999,1210300,40.511787121,46.447077132,338.61998852,28.790687777,7.615156977
US,HI,2000,1213519,41.865332018,46.821510701,353.620353238,25.466346979,5.183804908
US,HI,2001,1225948,42.494487857,47.066774995,364.386367605,25.763710211,5.200474883
US,HI,2002,1239613,45.364452035,46.981635537,380.318085806,29.057922292,5.66074596
US,HI,2003,1251154,47.210751153,44.859894613,391.291091071,28.562841725,6.477914894
US,HI,2004,1273569,49.257935861,46.611035529,398.144945191,29.288199473,7.392684506
US,HI,2005,1292729,50.338159831,46.318141122,387.711094843,29.259976434,8.2371403
US,HI,2006,1309731,51.041827345,31.462341417,413.003375998,26.976931672,8.986350829
US,HI,2007,1315675,52.397067849,31.563026312,424.206804085,28.875739823,9.64141165
US,HI,2008,1332213,42.930463184,32.0073311,628.808407982,31.50589778,10.055432993
US,HI,2009,1346717,41.335006298,31.320517783,631.785850795,30.696548663,9.985499539
US,HI,2010,1364004,41.57566788,31.476458738,629.833354671,33.091530436,10.359724205
US,HI,2011,1379562,43.009787532,33.083766587,661.725971305,32.319586716,10.775995105
US,HI,2012,1395199,42.081629996,33.468246038,677.569888734,30.935921248,10.747552498
US,HI,2013,1408822,40.47570236,34.417919577,683.120970341,32.488244925,11.201161079
US,HI,2014,1415335,40.056903738,33.476180926,694.516990625,31.972516776,11.740346327
US,HI,2015,1422999,40.569149712,32.606170177,717.234779072,33.088110777,12.337924819
US,HI,2016,1428885,41.118665672,33.336778345,686.648536665,31.610636192,13.028420716
US,HI,2017,1425763,41.282804458,31.780210395,700.315590767,29.700755275,13.593684554
US,HI,2018,1423102,42.331418346,33.020418994,714.881450989,29.050316607,14.19185575
US,ID,1997,1228520,33.212166877,32.22700818,356.900296483,19.035148659,0
US,ID,1998,1252330,33.792459439,33.040427309,321.542482658,18.546021104,0
US,ID,1999,1275674,35.129519709,34.430895354,333.666556894,19.046866043,0
US,ID,2000,1299430,34.912300185,35.531763051,325.941547254,18.398970066,0
US,ID,2001,1319962,35.490785398,36.324154651,317.035588701,17.83821086,0
US,ID,2002,1340372,34.063679247,35.818309339,323.480325138,18.694301488,0
US,ID,2003,1363380,33.630702434,36.231770801,327.426463616,18.806078979,0
US,ID,2004,1391802,36.31305745,35.721839588,313.794120223,17.559286298,0
US,ID,2005,1428241,36.573738999,36.631939255,308.253818752,17.323948982,0
US,ID,2006,1468669,36.006681887,35.45896399,301.740245405,16.923630122,0
US,ID,2007,1505105,38.298024518,35.046710817,315.715691412,16.583121737,0
US,ID,2008,1534320,36.929845037,34.365658133,113.175790476,12.856143843,0
US,ID,2009,1554439,36.618558208,33.850388967,103.224618714,12.666516881,0
US,ID,2010,1570819,39.20775974,34.411366709,98.303076314,11.803264005,0
US,ID,2011,1584272,38.11388766,34.149887269,102.754002574,13.486853906,0
US,ID,2012,1595910,37.172448479,33.923453843,110.091597606,13.161746763,0
US,ID,2013,1612053,43.255198375,28.364122093,108.867258226,12.744910462,0
US,ID,2014,1632248,42.128387228,29.462045406,110.81783594,14.919706585,0
US,ID,2015,1652495,44.958987795,29.315585061,109.319080121,14.412614562,0
US,ID,2016,1684036,44.791349238,30.425397205,100.44413116,14.791079411,0
US,ID,2017,1719745,45.534286164,30.995033662,104.207872871,15.917326541,0
US,ID,2018,1752074,47.12088477,31.616635939,110.835683061,15.504378254,0
US,IL,1997,12185715,507.556651362,45.439770253,111.386823463,3.84169064,0
US,IL,1998,12271847,483.355096203,44.962580656,116.364789901,3.811177304,0
US,IL,1999,12359020,499.248241339,45.099142159,111.602691962,3.908665251,0
US,IL,2000,12434161,506.668860174,45.009922572,116.380952681,3.897347433,0
US,IL,2001,12488445,482.909050745,45.382755774,126.886966061,3.877401818,0
US,IL,2002,12525556,486.005901686,44.237858683,146.611116492,3.881035546,0
US,IL,2003,12556006,493.535695382,43.579137055,137.08543453,4.016706016,0
US,IL,2004,12589773,508.87294206,29.363791708,146.769735239,3.456537309,0
US,IL,2005,12609903,521.688050509,31.133619725,150.170913014,3.316474626,0
US,IL,2006,12643955,505.552815616,34.769369081,211.857783198,3.621560436,0
US,IL,2007,12695866,520.282749252,34.711374538,222.702914792,3.884805683,0
US,IL,2008,12747038,521.236623726,36.082042645,219.142548344,3.696195662,0
US,IL,2009,12796778,488.29907263,35.14909909,222.343023562,3.378686875,0
US,IL,2010,12840545,502.54475204,35.042795519,223.175154696,3.43996975,0
US,IL,2011,12867783,495.042576882,35.504901119,227.789835376,3.688552014,0
US,IL,2012,12883029,466.264085614,35.838028145,228.814029079,3.367473522,0
US,IL,2013,12895778,504.358164425,35.440772607,231.866892783,3.058815342,0
US,IL,2014,12885092,513.954899499,36.411274678,233.139762791,2.860221881,0
US,IL,2015,12859585,479.570520129,34.393656955,236.067950512,2.755428509,0
US,IL,2016,12821709,454.060340285,32.366402195,230.06659254,2.717345634,0
US,IL,2017,12779893,449.083241288,33.57158226,226.584759762,2.567433484,0
US,IL,2018,12724685,464.602928479,32.830343776,236.346733971,2.626737787,0
US,IN,1997,5955267,483.053617773,4.375231233,295.200634047,10.822445446,0
US,IN,1998,5998880,478.194328667,4.185184239,297.258419861,11.235296909,0
US,IN,1999,6044969,490.297596065,4.211543032,291.453245268,10.411442319,0
US,IN,2000,6091866,513.807116315,4.489087004,289.350107311,10.574647816,0
US,IN,2001,6127760,495.64753341,4.410110092,287.138307001,10.166934425,0
US,IN,2002,6155967,497.907953549,4.422533068,262.84993447,10.233725316,0
US,IN,2003,6196638,511.390829324,4.541739867,265.043795104,9.853061736,0
US,IN,2004,6233007,516.96412865,4.504650021,254.342926186,9.368004358,0
US,IN,2005,6278616,511.024840972,4.153414738,247.984905228,9.143912902,0
US,IN,2006,6332669,508.267834186,1.146274608,181.293000948,9.316633059,0
US,IN,2007,6379599,506.574247295,1.135294073,180.328407525,9.287865942,0
US,IN,2008,6424806,499.17261205,1.15297099,169.258572602,9.038722009,0
US,IN,2009,6459325,450.002132033,1.186260239,169.223061709,10.00376441,0
US,IN,2010,6490555,473.297810703,1.208299389,157.847129,9.834529951,0
US,IN,2011,6517250,457.543913402,1.144890265,166.336708727,9.925171511,0
US,IN,2012,6538989,428.310353386,1.19243528,163.32100659,10.729246974,0
US,IN,2013,6570575,439.146139312,1.110855754,152.793124694,11.659102512,0
US,IN,2014,6596019,451.090173279,1.208566209,157.62412952,12.147769491,0
US,IN,2015,6611442,414.120122942,1.256429305,173.013176642,12.791433541,0
US,IN,2016,6637898,403.402540243,1.583857611,174.695204404,12.686100981,0
US,IN,2017,6662068,391.053681855,1.60578195,179.930480651,11.850740558,0
US,IN,2018,6698481,420.414016957,1.601306068,182.452376977,12.278203717,0
US,IA,1997,2891119,189.961416592,9.956771699,365.51963132,31.789174317,0
US,IA,1998,2902872,194.580794844,9.977720235,377.500645068,30.667083496,0
US,IA,1999,2917634,195.303183885,9.928086259,366.605601286,32.498141306,0
US,IA,2000,2929067,191.695148726,9.941944946,369.172456606,33.241366165,0
US,IA,2001,2931997,190.641803722,9.616605235,388.835197845,33.52993277,0
US,IA,2002,2934234,191.92742925,9.5023827,356.017314849,32.269370338,0
US,IA,2003,2941999,189.372480751,8.925445115,363.80768092,32.371947192,0
US,IA,2004,2953635,195.679755221,9.057792048,377.413625274,37.800252071,0
US,IA,2005,2964454,196.207637715,8.62361359,363.882329436,35.901559316,0
US,IA,2006,2982644,196.192717219,8.819089527,357.815064055,35.818903913,0
US,IA,2007,2999212,211.618090061,8.827053145,363.008566406,37.04865747,0
US,IA,2008,3016734,217.693273215,9.000611025,368.430326652,35.426667584,0
US,IA,2009,3032870,208.150947172,9.021192747,355.36520363,33.970618784,0
US,IA,2010,3050819,220.538349659,9.075833314,356.389403637,34.501030712,0
US,IA,2011,3066772,213.445693522,9.176169825,367.657810238,33.339445738,0
US,IA,2012,3076844,198.720998737,9.065987362,356.249692294,33.326003782,0
US,IA,2013,3093935,207.847319334,9.195254879,342.360982658,32.669276218,0
US,IA,2014,3110643,212.275205294,9.049171158,354.87656129,31.503464985,0
US,IA,2015,3122541,201.88822499,8.748851342,360.097237539,34.475057999,0
US,IA,2016,3133210,191.350197752,8.421720575,350.672307733,33.194584359,0
US,IA,2017,3143734,196.31376449,7.884313792,349.176901932,33.661906308,0
US,IA,2018,3149900,210.487619927,7.588182556,347.237298984,33.451863157,0
US,KS,1997,2635292,188.473152538,17.422133333,181.767060565,26.383853674,0
US,KS,1998,2660598,184.27524574,16.8970561,182.707838411,29.289734763,0
US,KS,1999,2678338,187.923233801,16.790928809,181.130263423,27.734837692,0
US,KS,2000,2693681,189.01379537,17.236664148,178.796141909,26.859873981,0
US,KS,2001,2702162,182.586975197,17.814380144,180.931034155,27.087865398,0
US,KS,2002,2713535,191.290769671,18.041250682,179.90253964,26.20493137,0
US,KS,2003,2723004,195.002528365,18.177737458,169.864294037,27.222776041,0
US,KS,2004,2734373,194.226978698,17.839901132,164.699069352,21.901589912,0
US,KS,2005,2745299,187.17044784,19.546532653,164.576939014,21.602766654,0
US,KS,2006,2762931,186.064155261,19.871094392,156.786893751,19.879406844,0
US,KS,2007,2783785,200.073161628,20.577001439,156.58794294,21.81086961,0
US,KS,2008,2808076,191.458321272,18.230478744,145.196296478,23.745650875,0
US,KS,2009,2832704,190.295169504,17.792451196,142.661742917,21.809424162,0
US,KS,2010,2858266,189.732010792,15.933676757,151.114830242,23.137375137,0
US,KS,2011,2869677,185.080621177,15.071451913,153.81394525,24.085237388,0
US,KS,2012,2886024,174.12288871,14.423932003,151.105196762,24.035608125,0
US,KS,2013,2894306,184.752328831,13.845100512,161.520834868,22.176527953,0
US,KS,2014,2901861,186.107273448,13.542621175,148.223818303,21.859743663,0
US,KS,2015,2910717,175.16703687,12.714552621,152.59102553,22.357979756,0
US,KS,2016,2912977,169.86778646,11.545625979,93.714953795,22.689476077,0
US,KS,2017,2910892,162.242188471,17.67647119,90.09577735,22.430449879,0
US,KS,2018,2912748,170.357528726,24.389327009,94.245511722,21.645587733,0
US,KY,1997,3952747,298.936255033,16.065559076,47.106765462,25.081890062,0
US,KY,1998,3985390,294.091736583,18.023315929,131.185942152,25.655244482,0
US,KY,1999,4018053,301.202589842,18.35942309,134.378550132,25.091744774,0
US,KY,2000,4049021,300.82981154,17.618715768,132.871495892,24.895214974,0
US,KY,2001,4068132,310.182139567,17.743467495,127.927088319,25.806237611,0
US,KY,2002,4089875,310.319341958,17.787029061,134.579143068,45.491371708,0
US,KY,2003,4117170,302.568585037,17.031139539,131.516985395,43.76881766,0
US,KY,2004,4146101,316.45665408,17.108354617,135.025298195,45.540099765,0
US,KY,2005,4182742,319.255471376,16.512471255,141.189673362,44.656374064,0
US,KY,2006,4219239,327.140190452,16.867660429,140.182343186,44.351935046,0
US,KY,2007,4256672,327.29420607,17.136999199,139.000471621,44.403368972,0
US,KY,2008,4289878,323.081954632,16.87667888,135.696195289,45.959358204,0
US,KY,2009,4317074,305.20591606,17.536129306,136.940611242,45.848882982,0
US,KY,2010,4348464,318.521567637,17.277938469,133.575730255,46.836136663,0
US,KY,2011,4370817,311.382594298,17.527085247,132.366979938,46.039653428,0
US,KY,2012,4387865,287.752948959,17.753690477,131.483526755,43.117228869,0
US,KY,2013,4406906,290.40438077,18.191373994,125.232235559,48.7669494,0
US,KY,2014,4416992,293.365814205,18.512218667,117.006510219,49.422444849,0
US,KY,2015,4429126,274.331122307,18.883469311,122.586785982,46.890007923,0
US,KY,2016,4440306,262.920605236,19.680865879,117.314796901,49.033426982,0
US,KY,2017,4455590,238.967522445,19.972181731,109.344388452,49.590828602,0
US,KY,2018,4464273,250.682740182,12.30818716,108.952351153,47.46881782,0
US,LA,1997,4421071,486.451845915,20.229558785,375.657807534,50.223710242,0
US,LA,1998,4440344,458.10539998,19.281551188,366.441781993,51.430189303,0
US,LA,1999,4460811,452.847271322,18.214807172,349.84713117,49.592676017,0
US,LA,2000,4471885,476.961142049,18.200580273,348.064310639,49.531720178,0
US,LA,2001,4477875,427.285352018,17.024184366,337.451515776,47.920280128,0
US,LA,2002,4497267,441.034571308,16.319906388,324.271010669,26.444009384,0
US,LA,2003,4521042,430.557506832,15.75980991,340.667255278,26.857355938,0
US,LA,2004,4552238,446.047500348,15.74233391,340.399648372,27.096713089,0
US,LA,2005,4576628,428.021579981,16.142437583,331.586715792,25.415919501,0
US,LA,2006,4302665,440.342808708,17.086183634,335.933995801,25.441858596,0
US,LA,2007,4375581,432.946419941,17.157070904,338.125943586,26.117308385,0
US,LA,2008,4435586,420.324495379,17.311929699,347.488181645,21.899808452,0
US,LA,2009,4491648,402.49134881,16.084377651,366.213119373,21.778755491,0
US,LA,2010,4544635,441.555307874,16.367534548,363.228049096,21.754480263,0
US,LA,2011,4576244,449.192853423,16.320064407,367.345992265,23.224334129,0
US,LA,2012,4602067,429.535529508,16.666350451,372.702144858,22.786074492,0
US,LA,2013,4626040,421.332160417,17.17764341,382.985740757,21.956999557,0
US,LA,2014,4645938,413.402989903,17.229395488,357.352344013,24.546100608,0
US,LA,2015,4666998,418.533903882,16.918009376,365.162415191,23.566897967,0
US,LA,2016,4681346,426.951685528,29.769876745,363.48828486,24.897033671,0
US,LA,2017,4673673,436.741422991,29.825528948,366.41181025,24.733744978,0
US,LA,2018,4664450,437.529694846,30.600582364,376.417412944,22.632488976,0
US,ME,1997,1254774,32.059776374,26.365683629,171.766791471,2.271709292,0
US,ME,1998,1259127,31.055392387,27.140713949,167.397860669,2.215594939,0
US,ME,1999,1266808,32.682140888,26.98412877,173.425744442,2.230942645,0
US,ME,2000,1277072,35.872965635,40.064993966,107.47865748,2.688655608,0
US,ME,2001,1285692,35.923471928,40.403479519,118.096911641,2.618928213,0
US,ME,2002,1295960,38.308354359,39.908414081,116.878879148,2.565992974,0
US,ME,2003,1306513,37.156821231,40.270636934,116.043782505,2.608458521,0
US,ME,2004,1313688,37.480051744,40.949153018,120.29054445,2.44602205,0
US,ME,2005,1318787,35.20402834,40.838947911,125.041439672,2.354230175,0
US,ME,2006,1323619,30.97271883,41.235057019,124.653399146,2.334701857,0
US,ME,2007,1327040,29.913892405,42.116549557,129.48707617,2.197139531,0
US,ME,2008,1330509,25.505514862,41.91018036,126.420333857,2.131404166,0
US,ME,2009,1329590,23.10597829,41.27722777,121.72157572,2.101467684,0
US,ME,2010,1327651,22.338229104,41.204894681,115.32944796,1.980069077,0
US,ME,2011,1328473,20.81140992,40.80524937,114.965013059,2.024963111,0
US,ME,2012,1328094,17.088328803,40.194084178,107.04169165,1.974418733,0
US,ME,2013,1328543,18.430682855,40.176999515,101.399759102,1.848387376,0
US,ME,2014,1331217,18.293946036,40.237273582,103.717094369,1.810568146,0
US,ME,2015,1329098,18.887848635,40.394901346,107.152875884,1.763181725,0
US,ME,2016,1332348,17.872650896,27.549247936,101.837414414,1.788747207,0
US,ME,2017,1335743,16.355384155,28.443419908,93.477039871,1.977515565,0
US,ME,2018,1340123,15.407545888,28.800976451,95.60615639,2.212116348,0
US,MD,1997,5157328,153.768878007,32.163118962,250.511213755,17.208651984,0
US,MD,1998,5204464,159.017256782,32.155378584,258.259500411,17.362418588,0
US,MD,1999,5254509,164.344021191,32.608812835,267.948655368,17.614673094,0
US,MD,2000,5311034,163.861269955,17.28188958,337.592579427,17.257635682,0
US,MD,2001,5374691,165.284827979,16.967019369,342.599319002,17.463934908,0
US,MD,2002,5440389,165.380499658,16.546306132,312.050800733,17.162305206,0
US,MD,2003,5496269,170.85829501,16.912854373,289.08020194,17.390748851,0
US,MD,2004,5546935,174.108226759,17.183227509,292.401229081,16.309332567,0
US,MD,2005,5592379,176.860565996,17.321865027,300.249734045,16.699615539,0
US,MD,2006,5627367,162.902061921,17.662916509,290.766633615,18.888904405,0
US,MD,2007,5653408,163.359191055,13.289325549,282.682970131,20.572099296,0
US,MD,2008,5684965,154.93639488,13.842490388,284.538069227,21.248980853,0
US,MD,2009,5730388,147.744286434,13.490257844,274.737872503,21.458021869,0
US,MD,2010,5788784,144.640027776,14.795858137,275.140550077,21.198405906,0
US,MD,2011,5840241,135.334930335,15.543495215,294.424021865,22.219731558,0
US,MD,2012,5888375,126.054889036,15.58786255,295.910182118,7.780305882,0
US,MD,2013,5925197,124.868425705,16.109759007,282.929057899,7.540710428,0
US,MD,2014,5960064,129.924973749,16.63115206,312.05553246,7.569345028,0
US,MD,2015,5988528,125.988882815,17.027821044,315.432928671,7.588013602,0
US,MD,2016,6007014,121.923583915,17.165991765,318.714540775,7.449777914,0
US,MD,2017,6028186,111.027358553,17.642103144,327.361088118,7.32297033,0
US,MD,2018,6042153,124.593076879,17.545610923,340.327968552,6.970534278,0
US,MA,1997,6226058,173.693389331,3.098245258,72.219455361,8.024048969,0
US,MA,1998,6271838,168.921949041,3.989985046,73.648491838,13.777938148,0
US,MA,1999,6317345,164.280616418,4.208153045,71.185479151,13.320189906,0
US,MA,2000,6361104,166.128876761,4.279063666,73.540419173,13.641706212,0
US,MA,2001,6397634,165.129803828,4.531673075,72.737654793,13.949597443,0
US,MA,2002,6417206,167.282769938,4.748816047,74.473065276,13.739096395,0
US,MA,2003,6422565,170.487650136,4.943519046,71.48405973,13.940378886,0
US,MA,2004,6412281,166.872639723,5.131476741,71.692948606,14.165280738,0
US,MA,2005,6403290,169.591810473,5.176151735,71.092653969,13.842039422,0
US,MA,2006,6410084,153.769625495,5.275819755,72.104778777,13.610494247,0
US,MA,2007,6431559,160.083962704,5.181133398,71.892073458,12.552064433,0
US,MA,2008,6468967,153.982866106,5.150198458,70.186528401,12.025042812,0
US,MA,2009,6517613,140.498738813,5.179608189,74.428978072,12.684584118,0
US,MA,2010,6566440,143.652123519,4.98054977,70.300037322,12.16560095,0
US,MA,2011,6614218,136.86803189,5.123640464,68.463901126,12.621824002,0
US,MA,2012,6664269,123.926897122,4.964332509,68.111909774,13.335529811,0
US,MA,2013,6715158,131.483322392,5.085167006,69.374720909,12.840627285,0
US,MA,2014,6764864,127.876601647,5.157416722,32.026950636,13.074223475,0
US,MA,2015,6797484,131.616739708,5.150637494,31.025312636,13.284063307,0
US,MA,2016,6827280,128.569433746,5.230931914,30.409404001,13.844606464,0
US,MA,2017,6863560,128.599253503,3.830594906,29.179828465,13.836077437,0
US,MA,2018,6885720,126.864178237,3.913548493,30.170197673,13.364809105,0
US,MI,1997,9809051,403.967159073,8.514544147,117.723957654,26.794764082,0
US,MI,1998,9847942,397.669159528,7.802365483,115.125534377,24.112383859,0
US,MI,1999,9897116,414.235092382,8.274788066,118.396376947,23.787183594,0
US,MI,2000,9952450,407.779229683,9.287642173,112.287314345,25.152522273,0
US,MI,2001,9991120,397.462472829,9.514486918,109.186352544,27.160477877,0
US,MI,2002,10015710,398.094181516,9.108075177,105.359898669,30.129424459,0
US,MI,2003,10041152,392.138217399,8.923692843,99.215460443,31.463063536,0
US,MI,2004,10055315,396.016841978,8.73397076,98.825315641,35.588809094,0
US,MI,2005,10051137,398.291292593,8.665381406,105.709315103,38.54868304,0
US,MI,2006,10036081,376.588044683,8.522555938,89.344334428,38.372445857,0
US,MI,2007,10001284,380.102957037,8.60930805,87.277550291,27.201166524,0
US,MI,2008,9946889,365.707214354,15.200358821,83.327607572,28.990658136,0
US,MI,2009,9901591,340.160867681,14.993680561,87.8228096,31.424586555,0
US,MI,2010,9877597,342.440098889,10.790657132,85.021896178,22.815198769,0
US,MI,2011,9883053,333.339073472,8.988647213,95.267692415,21.997241004,0
US,MI,2012,9898289,318.717312308,8.909920625,95.982352614,22.711162222,0
US,MI,2013,9914802,335.333876978,8.977756044,99.47459101,22.004909087,0
US,MI,2014,9932033,333.957345947,9.148448998,97.46410111,20.780122923,0
US,MI,2015,9934483,335.095999013,9.294898678,99.528628936,20.106164135,0
US,MI,2016,9954117,316.574709927,8.806118349,97.056253361,19.698915664,0
US,MI,2017,9976752,318.817998894,8.508034254,98.31026284,20.616169785,0
US,MI,2018,9987286,335.282870606,8.349102508,98.491750237,21.872582613,0
US,MN,1997,4763390,210.365788206,31.531255362,57.905112051,37.43437136,0
US,MN,1998,4813412,210.636117476,31.553458784,62.777010896,37.760417924,0
US,MN,1999,4873481,213.803096306,34.546866982,63.579675345,37.081444716,0
US,MN,2000,4933692,228.76568822,35.985202733,60.502974671,36.808244202,0
US,MN,2001,4982796,221.309690661,37.335893045,63.044601702,38.824166742,0
US,MN,2002,5018935,229.290928675,38.139549033,67.377649837,37.295498519,0
US,MN,2003,5053572,235.107997942,39.495313633,70.675319757,37.15596776,0
US,MN,2004,5087713,231.662782215,40.966240865,63.238803503,39.93432098,0
US,MN,2005,5119598,234.831322731,41.751640738,65.584550978,36.703146978,0
US,MN,2006,5163555,231.546156103,41.001042297,64.987875839,39.079215773,0
US,MN,2007,5207203,232.878562306,41.528671327,61.071538815,41.245088708,0
US,MN,2008,5247018,230.694965024,42.721834643,57.072376556,41.48443302,0
US,MN,2009,5281203,211.859834186,42.704227483,54.70702035,41.209925068,0
US,MN,2010,5310934,211.224543164,42.587540164,54.661295672,42.952333865,0
US,MN,2011,5346620,213.220449483,41.517789337,57.354036286,41.508418063,0
US,MN,2012,5377500,204.402111601,42.180024904,58.304299895,41.160595853,0
US,MN,2013,5414722,204.425694824,42.70115615,56.246147612,31.62055637,0
US,MN,2014,5452665,211.175097648,33.22412546,57.074718276,32.482087241,0
US,MN,2015,5484002,200.403914023,33.783931322,57.613057678,33.874993116,0
US,MN,2016,5525360,206.380552017,34.028750353,58.156622208,35.553703425,0
US,MN,2017,5569283,204.697597172,36.246781071,51.099702308,32.007718036,0
US,MN,2018,5608762,210.786663765,24.520892584,47.922843043,32.095344023,0
US,MS,1997,2777004,60.157596106,46.287496274,51.191496313,25.607222058,0
US,MS,1998,2804834,61.588563123,46.542637352,52.548010821,24.880710949,0
US,MS,1999,2828408,70.289802724,48.056238241,53.326979691,20.409239698,0
US,MS,2000,2848353,67.753353542,47.931281771,49.929902807,21.16099036,0
US,MS,2001,2852994,84.722247136,51.686047401,50.908098704,21.237115098,0
US,MS,2002,2858681,70.56730876,47.776946066,48.105760613,23.179523992,0
US,MS,2003,2868312,73.532689553,48.138340867,51.590830158,23.886396072,0
US,MS,2004,2889010,76.914168877,46.92884885,48.468361128,23.925865228,0
US,MS,2005,2905943,72.893497806,48.513224014,48.659326552,24.409688125,0
US,MS,2006,2904978,75.78357588,49.141457586,48.157498326,23.318597431,0
US,MS,2007,2928350,81.786379757,50.582267785,49.825959408,23.764736347,0
US,MS,2008,2947806,74.970892611,51.102370178,60.048419398,22.055603708,0
US,MS,2009,2958774,65.602099716,49.439244993,63.315764484,21.898192297,0
US,MS,2010,2970615,76.74126296,49.055780655,173.434543088,25.032202492,0
US,MS,2011,2979147,65.255445237,50.255340212,177.072340274,24.626979541,0
US,MS,2012,2984599,65.459711505,50.802058303,188.204481936,23.956600291,0
US,MS,2013,2989839,63.553951121,52.712474048,188.138745286,24.552959494,0
US,MS,2014,2991892,72.07687176,54.643620371,195.961000301,24.243151037,0
US,MS,2015,2990231,74.752078682,54.519023343,194.829058981,25.022473954,0
US,MS,2016,2990595,81.792684038,54.902966662,195.276886183,25.238457758,0
US,MS,2017,2990674,81.160621695,52.931725226,194.215702645,25.78652282,0
US,MS,2018,2982879,84.836669537,50.894961993,189.700888088,25.686031816,0
US,MO,1997,5481193,272.431925292,19.147309794,257.863718858,12.53683666,0
US,MO,1998,5521765,277.773788692,19.067864774,262.566346011,13.43261332,0
US,MO,1999,5561948,276.642702535,19.046998912,268.221842606,14.148563874,0
US,MO,2000,5607285,262.753921801,19.249787258,256.270269099,13.781397818,0
US,MO,2001,5641142,278.01031713,19.363375603,247.705826416,13.661638773,0
US,MO,2002,5674825,277.482691554,19.168715146,252.083635282,14.388862253,0
US,MO,2003,5709403,291.406341676,18.858005455,241.485490165,14.504500517,0
US,MO,2004,5747741,296.11405214,19.328159777,235.64545018,14.652141026,0
US,MO,2005,5790300,299.822049308,19.29841853,245.574716627,15.329860398,0
US,MO,2006,5842704,297.015680867,19.213593103,242.296094708,15.280010394,0
US,MO,2007,5887612,296.47086164,21.704410579,241.497537724,15.422921309,0
US,MO,2008,5923916,289.52079093,24.777951205,229.80999131,14.523994597,0
US,MO,2009,5961088,278.226229266,27.130858499,230.002809628,16.517025003,0
US,MO,2010,5996089,288.202878909,29.643644875,116.898978484,16.544430694,0
US,MO,2011,6011182,284.57415045,31.59674913,118.907718418,16.674575285,0
US,MO,2012,6026027,267.798102093,30.994511338,117.897399948,17.743973294,0
US,MO,2013,6042989,283.040850184,34.578799808,115.582484175,17.939383593,0
US,MO,2014,6059130,286.531562514,38.791342735,106.531814115,17.695887241,0
US,MO,2015,6075411,265.971884629,27.797056551,122.157051618,17.198941886,0
US,MO,2016,6091384,252.946812112,25.957885507,119.90529433,17.923224931,0
US,MO,2017,6111382,264.416731853,27.441672777,120.982533672,14.47968825,0
US,MO,2018,6125986,266.608111058,29.773686602,120.911611564,14.303290356,0
US,MT,1997,889865,84.136146083,47.439060935,277.250086723,2.070382403,0
US,MT,1998,892431,87.721099695,49.182886731,280.944730487,2.077277871,0
US,MT,1999,897507,88.734930154,49.385020377,270.170391004,2.087161832,0
US,MT,2000,903773,85.69618756,56.966210287,271.252770566,1.972501822,0
US,MT,2001,906961,86.94988872,56.439237314,262.104737219,2.458851135,0
US,MT,2002,911667,84.70967444,61.664337604,275.767600245,2.202759187,0
US,MT,2003,919630,88.964810752,59.508308896,311.063422927,2.82128446,0
US,MT,2004,930009,93.125411693,60.561447261,377.526563575,2.78368019,0
US,MT,2005,940102,95.727362538,59.048094003,382.459743966,2.770130576,0
US,MT,2006,952692,97.472066159,45.113525014,380.649035556,2.765905059,0
US,MT,2007,964706,102.862493607,44.68585699,373.898283187,2.768046683,0
US,MT,2008,976415,102.124010951,44.762180944,425.850838191,2.807320182,0
US,MT,2009,983982,93.500153448,44.119243199,423.448706984,2.83116298,0
US,MT,2010,990730,96.558854822,43.637150219,437.971439987,2.819249297,0
US,MT,2011,997518,90.83289151,45.041894415,436.698009865,2.486354721,0
US,MT,2012,1004168,86.104186057,44.188813021,437.575792583,2.445549465,0
US,MT,2013,1014158,90.605385928,44.654811888,438.607544234,2.426677207,0
US,MT,2014,1022657,91.715719315,44.868950277,442.181397676,2.403497415,0
US,MT,2015,1031495,92.796195457,45.494375228,436.28795009,2.356159856,0
US,MT,2016,1042137,88.690848271,45.273086786,436.646830855,2.303189164,0
US,MT,2017,1053862,88.192679706,43.991976019,448.835515744,2.271963322,0
US,MT,2018,1061818,88.708349843,45.354762962,435.919597825,1.938035115,0
US,NE,1997,1686418,116.985062917,37.098911662,247.639716619,22.794236986,0
US,NE,1998,1695816,120.686377262,36.950233396,238.410904653,22.607904231,0
US,NE,1999,1704764,117.105126303,37.844086638,249.903964047,20.900531701,0
US,NE,2000,1713820,111.806165776,37.538779186,242.152317889,21.658682619,0
US,NE,2001,1719836,117.431406162,37.452377745,231.178032274,20.929146027,0
US,NE,2002,1728292,113.744618073,39.079149825,235.402608241,21.398697925,0
US,NE,2003,1738643,117.265062292,37.692014094,231.1976577,22.208096633,0
US,NE,2004,1749370,117.611539182,37.112047952,208.515367539,22.469995718,0
US,NE,2005,1761497,118.38189584,37.120217375,212.027502665,21.802373908,0
US,NE,2006,1772693,117.47836821,38.020144167,191.745003758,24.462275936,0
US,NE,2007,1783440,121.063994509,37.925551712,184.043209877,25.351183396,0
US,NE,2008,1796378,125.966025905,38.349355456,140.916154872,25.220014513,0
US,NE,2009,1812683,128.756273517,37.362063159,147.958105728,24.769356844,0
US,NE,2010,1829591,135.558500729,29.870064782,141.289482239,25.922927047,0
US,NE,2011,1840914,138.314296857,30.667177713,146.262907782,27.547986891,0
US,NE,2012,1853691,132.198971928,31.368627345,145.398790902,18.630507465,0
US,NE,2013,1865813,144.534161959,31.169349279,151.908541661,18.720214667,0
US,NE,2014,1879955,143.714405376,31.387745925,144.362721868,19.095920493,0
US,NE,2015,1892059,140.961774765,32.09946599,132.073541302,22.05354221,0
US,NE,2016,1906483,133.138664744,32.290336402,143.311308378,22.769606996,0
US,NE,2017,1916998,132.432030394,32.527875533,148.365579559,22.543466462,0
US,NE,2018,1925512,143.53987563,32.713587075,148.296992404,31.748960831,0
US,NV,1997,1764104,79.29157805,45.782551903,163.975807817,81.418782752,0
US,NV,1998,1853191,83.676048171,44.689020202,160.590543046,83.219763503,0
US,NV,1999,1934718,84.879226911,46.759815059,166.534385507,86.86101738,0
US,NV,2000,2018741,92.060141045,48.375912512,160.329998822,86.706343813,0
US,NV,2001,2098399,90.816181393,49.712815059,193.880639844,88.569397513,0
US,NV,2002,2173791,84.123373323,51.093014713,195.663431366,90.114399649,0
US,NV,2003,2248850,88.879408254,52.616687773,197.55151156,95.078674522,0
US,NV,2004,2346222,97.504905445,55.666425533,161.033295411,38.601266653,0
US,NV,2005,2432143,101.87336482,54.262444663,157.234015769,36.004428196,0
US,NV,2006,2522658,84.960972825,52.155111387,181.358854824,36.072110709,0
US,NV,2007,2601072,85.893075789,53.257807163,190.636424724,36.409512857,0
US,NV,2008,2653630,84.409403296,54.513246513,189.58143136,35.194895749,0
US,NV,2009,2684665,81.806052557,52.528670301,191.409018426,36.265632218,0
US,NV,2010,2702483,78.696453273,48.668085323,185.505426339,35.455882136,0
US,NV,2011,2713114,70.60976357,49.90544465,195.038654771,33.659119404,0
US,NV,2012,2744670,71.530417311,47.077589767,188.963760494,34.660275447,0
US,NV,2013,2776956,76.647732877,46.511436901,198.870064611,34.275863064,0
US,NV,2014,2818935,78.94025872,46.879504173,203.709162301,34.302456735,0
US,NV,2015,2868531,74.831963551,47.964530061,194.260658642,34.006480097,0
US,NV,2016,2919555,77.034487775,48.002197106,202.511917146,32.879833939,0
US,NV,2017,2972097,76.806077507,45.699595563,205.3362403,31.328006287,0
US,NV,2018,3030725,79.917626169,45.684759624,215.52281207,31.479205175,0
US,NH,1997,1189425,27.043538009,1.577120622,523.381561194,492.592634065,0
US,NH,1998,1205940,27.071380273,1.571551269,534.381922085,506.505565442,0
US,NH,1999,1222014,27.323518993,1.591008881,529.804117053,503.893635483,0
US,NH,2000,1239882,28.573929325,1.596857951,514.654998707,509.383957893,0
US,NH,2001,1255517,27.502689188,1.543203567,533.070632484,520.239766301,0
US,NH,2002,1269089,28.960381583,1.54831559,534.202325107,513.520655636,0
US,NH,2003,1279840,35.609264244,1.494451744,508.845320929,495.219665806,0
US,NH,2004,1290121,37.676707833,1.469956584,509.346302213,541.153918752,0
US,NH,2005,1298492,36.332315811,1.468788147,510.951025926,576.189219257,0
US,NH,2006,1308389,32.51171598,1.472558806,494.583103279,577.051131581,0
US,NH,2007,1312540,32.13730613,1.440901968,527.160456341,571.134450754,0
US,NH,2008,1315906,31.280988533,1.357996999,510.270566215,576.991158275,0
US,NH,2009,1316102,27.85744525,1.378992609,509.400417751,582.620398543,0
US,NH,2010,1316807,27.012612773,1.402506214,513.65737633,555.279395642,0
US,NH,2011,1320444,26.248712818,1.54515913,511.173764417,542.121572024,0
US,NH,2012,1324677,22.887356354,1.564243378,516.468391167,545.137709886,0
US,NH,2013,1327272,22.446647017,1.740542459,535.781022061,499.691977738,0
US,NH,2014,1334257,23.955694127,2.114570429,547.17557363,484.688932099,0
US,NH,2015,1337480,24.479797175,1.967998176,541.64260868,492.022696907,0
US,NH,2016,1343694,21.621361081,2.037396709,525.468350727,926.815218306,0
US,NH,2017,1350395,21.212968048,2.056200106,540.803718456,909.238942796,0
US,NH,2018,1355064,22.700658961,1.976407871,432.013260063,911.080322068,0
US,NJ,1997,8218808,260.947708094,21.500880995,-34.511206813,4.345158301,0
US,NJ,1998,8287418,251.0591811,23.414235245,-44.314059263,5.894136127,0
US,NJ,1999,8359592,257.633572987,23.662975289,-46.857403855,5.995957923,0
US,NJ,2000,8430621,257.040903393,24.492808012,-14.128816799,4.968076949,0
US,NJ,2001,8492671,250.502154315,24.986794159,0.991128388999996,5.511280009,0
US,NJ,2002,8552643,249.750132963,15.984776768,5.276008209,5.037741076,0
US,NJ,2003,8601402,253.349427683,15.926413167,6.867447097,5.39363218,0
US,NJ,2004,8634561,259.063316024,17.07045376,22.00706364,5.523844115,0
US,NJ,2005,8651974,268.10444078,16.859633795,22.462649756,4.738938004,0
US,NJ,2006,8661679,253.032152592,17.335362871,23.626432325,4.75568502,0
US,NJ,2007,8677885,268.140104351,17.190683549,21.76052708,4.87841083,0
US,NJ,2008,8711090,263.969268416,16.744820821,26.355801495,4.96560946,0
US,NJ,2009,8755602,230.124928084,16.339373769,27.996305122,5.129904171,0
US,NJ,2010,8799451,235.095778997,16.320861241,23.369132698,5.181174728,0
US,NJ,2011,8828552,237.574175581,16.033700171,25.437009926,5.263748728,0
US,NJ,2012,8845671,214.935779963,15.707886158,21.970889494,5.210700705,0
US,NJ,2013,8857821,220.932415409,15.285372568,21.079133575,5.255412839,0
US,NJ,2014,8867277,233.68090587,14.80772909,22.863933028,5.562008835,0
US,NJ,2015,8870312,230.047273864,14.859749795,19.810815009,5.495572303,0
US,NJ,2016,8873584,228.779678474,14.207684993,19.015296024,5.50921162,0
US,NJ,2017,8888147,212.029233513,14.154483289,25.403468012,5.522320234,0
US,NJ,2018,8891730,223.621468493,14.173506368,23.810694547,5.366575673,0
US,NM,1997,1774839,148.396305291,12.917624418,522.311670415,9.196506333,0
US,NM,1998,1793484,148.884320463,12.552248028,506.510623043,9.02105899,0
US,NM,1999,1808082,150.091966506,12.983150156,517.280561689,9.361909309,0
US,NM,2000,1821204,160.467443643,13.066962331,496.802905464,9.689139023,0
US,NM,2001,1831690,161.535472723,12.737441287,454.997597606,9.778549256,0
US,NM,2002,1855309,157.307772123,12.409599372,466.102087365,10.343151658,0
US,NM,2003,1877574,162.567118366,12.349906355,456.572670868,10.042260886,0
US,NM,2004,1903808,165.620357144,11.772980227,432.682713931,9.768957258,0
US,NM,2005,1932274,168.691714418,12.22095097,470.244920722,9.905716708,0
US,NM,2006,1962137,172.688619285,11.697435166,467.837319728,9.749906607,0
US,NM,2007,1990070,169.126488985,11.412197004,450.139490733,9.483496859,0
US,NM,2008,2010662,166.10535287,12.041724198,454.029498477,9.768541611,0
US,NM,2009,2036802,167.000412376,12.351862267,443.295777297,10.051255501,0
US,NM,2010,2064614,158.735689987,12.283185206,458.931924994,9.778122158,0
US,NM,2011,2080707,163.67820195,12.434281347,501.34322936,9.66119764,0
US,NM,2012,2087715,159.649571144,14.001265633,496.949683175,8.852596264,0
US,NM,2013,2092833,158.817814574,13.949651294,503.890600539,8.906316851,0
US,NM,2014,2090236,150.713477864,18.126115926,510.409273669,15.389746256,0
US,NM,2015,2090071,153.469442074,18.122766378,517.949166836,14.886690308,0
US,NM,2016,2092555,150.92113875,18.135084523,497.731950849,14.860466834,0
US,NM,2017,2092844,151.133385591,18.287416209,508.215342688,15.91743849,0
US,NM,2018,2093754,147.344342889,42.030236506,514.313396731,15.381934144,0
US,NY,1997,18656546,419.21700661,341.086332049,33.705080369,14.901288483,0
US,NY,1998,18755906,416.853249281,348.371227543,55.433179905,14.211751596,0
US,NY,1999,18882725,422.401373599,351.701214417,56.995656013,14.888251523,0
US,NY,2000,19001780,433.332620696,354.297702211,53.642479005,9.507237301,0
US,NY,2001,19082838,424.235626782,358.217957097,62.154239545,8.967834354,0
US,NY,2002,19137800,413.531899845,363.206879278,36.015326079,8.991936449,0
US,NY,2003,19175939,435.332221136,365.525770958,34.682230101,8.900440529,0
US,NY,2004,19171567,442.209649482,370.995616089,39.233262882,8.480406207,0
US,NY,2005,19132610,434.160567543,374.336635475,39.672646311,8.336278977,0
US,NY,2006,19104631,396.420699141,377.023423871,40.311897569,8.376036731,0
US,NY,2007,19132335,408.699984432,384.718599308,41.202652773,8.47286437,0
US,NY,2008,19212436,389.089404297,388.249597557,42.914600015,8.28979783,0
US,NY,2009,19307066,354.812535835,390.510670979,40.698704745,7.7289476,0
US,NY,2010,19399956,356.760886236,400.736095135,41.379391082,7.54071842,0
US,NY,2011,19499921,337.148015746,412.263926529,40.61980199,7.907927315,0
US,NY,2012,19574362,330.000782895,418.64340953,44.483127493,7.421755733,0
US,NY,2013,19626488,332.932590369,428.454747656,45.991437279,6.923800319,0
US,NY,2014,19653431,349.077272448,439.204688024,46.056509287,6.800689011,0
US,NY,2015,19657321,345.815681244,430.668674081,48.426825942,6.644200531,0
US,NY,2016,19636391,337.750842151,436.876836647,47.373291156,6.22969617,0
US,NY,2017,19593849,326.636315304,436.059731379,43.29443872,6.758683337,0
US,NY,2018,19544098,346.234949412,376.104999265,44.513902267,6.082735349,0
US,NC,1997,7656825,269.041270121,822.313319472,101.249872816,15.263025437,0
US,NC,1998,7809121,267.583990698,802.613650767,99.196091577,14.314924384,0
US,NC,1999,7949361,264.875337582,800.425877768,104.368571665,13.958001549,0
US,NC,2000,8081614,281.555966882,790.317548946,103.310724306,15.137162463,0
US,NC,2001,8210122,272.418056805,797.749872566,102.683508145,15.389915716,0
US,NC,2002,8326201,275.269998957,790.679907269,127.144876193,15.970402484,0
US,NC,2003,8422501,277.472927426,753.521945553,132.452377676,15.530523086,0
US,NC,2004,8553152,283.440597308,755.859461447,119.309188546,15.316721523,0
US,NC,2005,8705407,290.85924731,789.23761776,107.691182281,15.96185899,0
US,NC,2006,8917270,280.128532928,787.067126081,109.623800665,16.300798374,0
US,NC,2007,9118037,291.617158408,799.374243468,111.644035162,16.058133506,0
US,NC,2008,9309449,280.833561242,810.851463098,112.907685917,14.564491771,0
US,NC,2009,9449566,246.94510233,809.418586819,113.276910123,15.499319176,0
US,NC,2010,9574586,264.390735225,809.493333182,117.678395184,14.966078697,0
US,NC,2011,9658913,235.91403722,801.142508038,120.037899845,15.260403348,0
US,NC,2012,9751810,221.014533256,787.123725835,126.86220985,27.154913969,0
US,NC,2013,9846717,227.429504227,783.371880449,131.92732298,26.922415858,0
US,NC,2014,9937295,229.844189717,780.005772965,135.337591245,25.887818402,0
US,NC,2015,10037218,217.915547476,781.905972198,130.674710741,25.680543562,0
US,NC,2016,10161802,217.743531645,786.475770351,138.391770523,24.465350493,0
US,NC,2017,10275758,209.60927103,795.832112343,139.005167711,25.017494313,0
US,NC,2018,10391358,215.92792693,812.759432374,149.099260669,25.895003558,0
US,ND,1997,649716,98.978206543,1.952679586,99.328265075,37.372499687,0
US,ND,1998,647532,97.966412742,1.873649127,58.431259396,28.068170409,0
US,ND,1999,644259,100.046973913,1.880697664,56.875247563,38.614693466,0
US,ND,2000,642023,101.117981752,23.977138389,59.248635018,46.070501038,0
US,ND,2001,639062,104.052378078,21.121749135,64.346620555,45.907099553,0
US,ND,2002,638168,102.57547194,21.501884028,64.049189448,47.94550402,0
US,ND,2003,638817,102.644524028,16.611166597,61.044633738,48.140917535,0
US,ND,2004,644705,100.080062486,14.978428341,56.869953764,49.542817769,0
US,ND,2005,646089,106.383195818,13.289517984,60.666661631,49.937725788,0
US,ND,2006,649422,101.582845662,13.116551906,62.59773395,50.354372108,0
US,ND,2007,652822,109.83388753,11.984899467,64.722324292,49.724958276,0
US,ND,2008,657569,113.730148106,10.466981048,65.003105891,49.722889303,0
US,ND,2009,664968,112.35403358,10.068342704,62.519086206,49.409220356,0
US,ND,2010,674752,118.366810406,9.394835631,48.673226903,51.487429658,0
US,ND,2011,685526,124.144807527,8.885451549,51.441620984,51.41403247,0
US,ND,2012,702227,136.35747923,8.896470365,46.588866822,50.489584449,0
US,ND,2013,723149,151.638316518,9.102484109,40.591827876,48.228346446,0
US,ND,2014,738736,164.21352471,9.044551009,38.470639123,44.183401875,0
US,ND,2015,755537,155.725391144,7.717024114,42.866628123,43.752886092,0
US,ND,2016,756114,139.249151214,7.271443432,32.077922344,43.374056541,0
US,ND,2017,756755,145.271837483,8.179895566,34.515913575,42.137695654,0
US,ND,2018,760062,160.067518643,7.901428043,31.592094237,38.780485882,0
US,OH,1997,11277357,572.500602545,25.867769043,3801.56134974,79.767655977,0
US,OH,1998,11311536,567.97424106,26.712160094,3786.09308031,78.504447747,0
US,OH,1999,11335454,564.715578528,25.074888777,3860.746971182,78.846781788,0
US,OH,2000,11363543,574.308007995,19.304294265,3840.872198856,72.426780664,0
US,OH,2001,11387404,556.116101238,18.315323734,3910.577352075,70.805496872,0
US,OH,2002,11407889,562.476517308,18.657763261,3887.47641196,73.549937012,0
US,OH,2003,11434788,575.610662009,18.483456715,3690.909074769,77.265338345,0
US,OH,2004,11452251,568.441448985,38.453664086,3806.613621309,80.861549846,0
US,OH,2005,11463320,579.79767605,36.124602479,3690.917433846,78.315717047,0
US,OH,2006,11481213,564.773021268,40.996762115,3606.151657108,81.055175683,0
US,OH,2007,11500468,577.133868088,35.540718734,3670.602289575,83.168823349,0
US,OH,2008,11515391,564.6451988,33.950280107,3556.582722161,83.79253345,0
US,OH,2009,11528896,510.786216247,31.704288893,3322.533347348,83.413274063,0
US,OH,2010,11539449,533.295372369,31.615065141,3253.492039741,115.520739658,0
US,OH,2011,11545735,506.373827174,29.988983907,3251.272535904,116.851979393,0
US,OH,2012,11550971,463.878837584,27.964298893,3039.78177305,108.194468531,0
US,OH,2013,11579692,494.453144595,27.247670258,3110.113051961,105.214131258,0
US,OH,2014,11606573,497.795867169,32.824775746,3151.432760635,108.173951677,0
US,OH,2015,11622315,460.451950159,32.553883437,3204.347010901,106.212102109,0
US,OH,2016,11640060,446.633336566,32.215753207,3280.941278902,108.231726411,0
US,OH,2017,11665706,444.188964701,32.44847047,3309.406445384,105.450003105,0
US,OH,2018,11680892,447.903981996,32.193133225,3346.025055197,104.882086053,0
US,OK,1997,3372917,236.327084302,38.821463844,8326.236520417,93.251855819,0
US,OK,1998,3405194,231.406358854,45.447930579,8313.546264681,98.292317268,0
US,OK,1999,3437147,224.683602725,47.104179913,8420.92041691,99.00474756,0
US,OK,2000,3454365,230.050056039,44.735435627,8621.303316565,96.962100332,0
US,OK,2001,3467100,238.401850944,43.983484066,8574.954257679,99.236030861,0
US,OK,2002,3489080,239.115170695,45.009433422,8572.181032487,98.463862762,0
US,OK,2003,3504892,245.875408465,43.989916721,8650.792418212,94.896909839,0
US,OK,2004,3525233,237.975112647,43.269601531,8729.756821385,96.699115882,0
US,OK,2005,3548597,251.129470089,44.17628056,8694.743618959,95.950538284,0
US,OK,2006,3594090,256.260688666,45.168738942,8583.769179566,93.16602389,0
US,OK,2007,3634349,257.899897446,45.688324868,8783.923336658,93.394058772,0
US,OK,2008,3668976,265.223835983,44.526217103,8587.63078179,94.122479648,0
US,OK,2009,3717572,254.029889834,47.818358427,8007.521243486,92.944799962,0
US,OK,2010,3760014,254.932623373,49.099716645,8175.785096581,91.741099726,0
US,OK,2011,3788824,261.483868279,49.189016882,8051.32179341,92.573095323,0
US,OK,2012,3819320,253.976407874,46.997713257,7864.815323473,93.609709406,0
US,OK,2013,3853891,252.940506927,46.158238702,7985.695954469,92.781943252,0
US,OK,2014,3879187,255.575398799,39.811630825,8021.023230869,95.281159665,0
US,OK,2015,3910518,249.667310714,42.94543766,7878.833674025,94.874390635,0
US,OK,2016,3928143,239.465898318,42.423474403,7869.413844877,96.763438329,0
US,OK,2017,3933602,234.680442219,40.636124517,7815.690968865,100.549247996,0
US,OK,2018,3943488,241.238015486,41.080059919,8035.54887628,101.384661806,0
US,OR,1997,3304310,38.079366658,41.722043302,84.765033089,481.165278551,0
US,OR,1998,3352449,49.462016498,32.582304571,74.279857632,480.959708998,0
US,OR,1999,3393941,51.101361751,34.209750206,74.521879661,473.736192289,0
US,OR,2000,3429708,45.336159914,34.31554713,74.313158906,459.971268918,0
US,OR,2001,3467937,43.813251587,33.250590785,69.537034621,468.275747268,0
US,OR,2002,3513424,40.542848157,33.76900283,62.20276029,453.948350969,0
US,OR,2003,3547376,42.060829284,35.700278407,61.582362334,433.180430482,0
US,OR,2004,3569463,44.396479099,33.651889221,65.045592598,482.20907129,0
US,OR,2005,3613202,44.677594396,33.713464069,64.266507619,491.157485748,0
US,OR,2006,3670883,42.467364115,33.608683647,68.525093113,490.253350092,0
US,OR,2007,3722417,49.412737857,34.797971422,70.155451617,461.820967366,0
US,OR,2008,3768748,47.089805008,35.1040887,72.35308085,464.309406478,0
US,OR,2009,3808600,42.926881947,35.220089425,72.250700092,471.261707441,0
US,OR,2010,3837614,43.233419015,35.496969522,77.304881852,80.398159851,0
US,OR,2011,3872672,35.806150384,29.748302597,78.983348385,81.678119721,0
US,OR,2012,3900102,34.141304337,31.129763047,84.018739248,82.714414504,0
US,OR,2013,3924110,40.33051014,31.124718703,83.012416084,80.428810573,0
US,OR,2014,3965447,39.005819319,33.337978433,85.016287895,80.946586175,0
US,OR,2015,4018542,39.351293709,33.54092736,86.392807775,83.859443518,0
US,OR,2016,4093271,38.410194726,36.035052128,89.858311339,83.513160884,0
US,OR,2017,4147294,40.567164584,35.138231402,91.946361666,82.759282167,0
US,OR,2018,4183538,42.972289112,35.176066628,97.429776514,81.239940068,0
US,PA,1997,12227814,602.503043501,64.916030641,63.966009042,28.018652105,0
US,PA,1998,12245672,571.31459876,63.245576083,68.604188888,28.042103444,0
US,PA,1999,12263805,560.208322927,63.8497915,68.1379106,27.915115469,0
US,PA,2000,12284173,586.250032826,63.241596909,67.901588811,26.817044775,0
US,PA,2001,12298970,555.735017236,62.672526783,66.646693206,26.750919398,0
US,PA,2002,12331031,566.213884971,65.622055252,66.720792749,26.941309412,0
US,PA,2003,12374658,573.051571751,67.604006771,67.701422093,26.058077618,0
US,PA,2004,12410722,580.91057581,66.480059906,65.102699445,25.375108514,0
US,PA,2005,12449990,583.852963582,64.051553214,71.923200491,24.050881197,0
US,PA,2006,12510809,570.728147615,64.779219591,67.497668032,24.621210912,0
US,PA,2007,12563937,579.236267759,70.042509463,62.098630417,25.653029165,0
US,PA,2008,12612285,564.178611518,68.050435216,66.85921142,26.310838381,0
US,PA,2009,12666858,517.15552056,65.565064558,64.082563266,25.234373542,0
US,PA,2010,12711406,537.090564436,63.432663656,58.811231921,25.185762194,0
US,PA,2011,12747052,518.680111914,60.198331572,66.615123477,26.602152383,0
US,PA,2012,12769123,499.147017206,57.786282198,59.973392672,25.827773094,0
US,PA,2013,12779538,523.575668983,56.070128425,56.023728921,26.950887329,0
US,PA,2014,12792392,525.275546707,54.004617594,55.550465323,28.284748261,0
US,PA,2015,12789838,493.940878573,45.962401904,50.782914213,28.979651127,0
US,PA,2016,12788468,465.772866518,50.260522596,48.591704373,30.032791374,0
US,PA,2017,12794679,468.638086427,48.77032628,42.96657983,29.383367726,0
US,PA,2018,12809107,477.908058283,61.366251198,45.244604718,28.124230846,0
US,RI,1997,1025353,28.442090979,99.915227454,74.538368621,0,0
US,RI,1998,1031155,28.941755924,99.68888253,74.564978826,0,0
US,RI,1999,1040402,27.507324763,100.989494215,75.939038473,0,0
US,RI,2000,1050268,24.677639844,101.56058107,73.973973261,0,0
US,RI,2001,1057142,25.568242,95.812924277,81.154244247,0,0
US,RI,2002,1065995,24.414815445,101.915989345,90.881033597,0,0
US,RI,2003,1071342,23.886898141,103.047397262,92.059519385,0,0
US,RI,2004,1074579,22.891050738,100.606564874,88.478452175,0,0
US,RI,2005,1067916,23.173835003,94.919584951,81.492120405,0,0
US,RI,2006,1063096,21.727932446,112.253675348,129.726789686,0,0
US,RI,2007,1057315,22.773066966,111.940049364,141.330814343,0,0
US,RI,2008,1055003,21.9540601,112.693616202,141.560633945,0,0
US,RI,2009,1053646,22.851824002,113.57219733,144.130763163,0,0
US,RI,2010,1053994,22.335934251,117.474347215,217.86492743,0,0
US,RI,2011,1053829,22.368294952,118.733971236,216.39670903,0,0
US,RI,2012,1054893,21.314924283,118.78517277,211.426000052,0,0
US,RI,2013,1055560,20.498181546,112.05748076,213.824698376,0,0
US,RI,2014,1056511,21.491553776,112.607412139,216.329454178,0,0
US,RI,2015,1056886,21.998293921,110.917833838,211.099063634,0,0
US,RI,2016,1057816,19.625617335,112.041028169,213.822985626,0,0
US,RI,2017,1056554,20.420760515,115.642002541,210.263086125,0,0
US,RI,2018,1059338,22.681117041,117.275069301,210.826760325,0,0
US,SC,1997,3859696,130.100015408,91.258961045,211.745271948,0,0
US,SC,1998,3919235,136.343017727,91.993979843,204.768963373,0,0
US,SC,1999,3974682,142.860365486,92.384940843,213.874978688,0,0
US,SC,2000,4024223,149.320306899,93.218724478,192.385217107,0,0
US,SC,2001,4064995,147.014339471,93.10577429,198.834509969,0,0
US,SC,2002,4107795,150.050542341,94.445063046,198.148734758,0,0
US,SC,2003,4150297,151.81366741,96.089112224,190.131570676,0,0
US,SC,2004,4210921,167.498419894,95.330155414,195.688723675,0,0
US,SC,2005,4270150,163.186141009,94.00841827,196.398193892,0,0
US,SC,2006,4357847,164.73038443,91.268999223,164.080630725,0,0
US,SC,2007,4444110,164.799965354,89.752391101,177.768012931,0,0
US,SC,2008,4528996,159.125428028,89.157219221,173.525155815,0,0
US,SC,2009,4589872,148.140754461,90.902014199,162.877708487,0,0
US,SC,2010,4635846,154.098786954,88.676154012,105.227933662,0,0
US,SC,2011,4672655,144.422614936,92.929240857,110.830778557,0,0
US,SC,2012,4719027,131.502735498,93.127131582,103.207835235,0,0
US,SC,2013,4766469,124.990776138,94.024005308,113.038986905,0,0
US,SC,2014,4826858,133.237564412,93.418152195,105.145094316,0,0
US,SC,2015,4896006,131.665109787,92.636674855,103.127852085,0,0
US,SC,2016,4963031,129.211862024,89.94393617,119.911148098,0,0
US,SC,2017,5027102,125.288657,90.714831348,109.05288715,0,0
US,SC,2018,5091702,134.08956779,93.08573536,109.23869056,0,0
US,SD,1997,744223,43.672370783,202.16625262,217.592330887,0,0
US,SD,1998,746058,43.013878489,207.35385155,203.649501172,0,0
US,SD,1999,750412,44.579085714,207.428582122,190.194408353,0,0
US,SD,2000,755844,44.0511577,205.111105625,204.093668933,0,0
US,SD,2001,757972,44.727594476,207.467866966,216.79795133,0,0
US,SD,2002,760020,43.082639959,212.767220256,212.476386181,0,0
US,SD,2003,763729,44.548833036,172.940482552,196.173396722,0,0
US,SD,2004,770396,45.053928869,769.602574674,195.76254071,0,0
US,SD,2005,775493,43.985814722,774.222851702,235.724980038,0,0
US,SD,2006,783033,42.326942089,781.264987891,199.424985951,0,0
US,SD,2007,791623,45.327890093,798.955147979,199.588218241,0,0
US,SD,2008,799124,47.659778265,816.305497183,199.180859169,0,0
US,SD,2009,807067,48.659176042,824.43076413,199.176927009,0,0
US,SD,2010,816193,50.750989064,818.634907059,219.751560661,0,0
US,SD,2011,823740,48.435027336,816.158644101,219.759576651,0,0
US,SD,2012,833859,46.987995191,806.476793966,214.471982408,0,0
US,SD,2013,842751,53.469865564,794.130268669,217.786160508,0,0
US,SD,2014,849670,55.503166334,792.798720747,208.004371996,0,0
US,SD,2015,854663,55.512206411,792.810898755,208.26966851,0,0
US,SD,2016,863693,51.816027964,798.452931221,208.440508758,0,0
US,SD,2017,873732,50.756017374,808.723142641,199.029856983,0,0
US,SD,2018,879386,54.258883359,810.188808011,201.994083211,0,0
US,TN,1997,5499233,239.114025002,62.648778544,1112.593056248,0,0
US,TN,1998,5570045,237.567472806,68.230469729,1135.4903165,0,0
US,TN,1999,5638706,238.337012765,72.351713368,1155.533636924,0,0
US,TN,2000,5703719,247.887217797,72.339831743,1154.744939895,0,0
US,TN,2001,5750789,247.219889174,69.207474521,1163.491088102,0,0
US,TN,2002,5795918,244.945205721,67.052920411,1151.241439049,0,0
US,TN,2003,5847812,242.643413855,68.523642018,1176.145394713,0,0
US,TN,2004,5910809,245.938995053,69.238042224,1172.02082185,0,0
US,TN,2005,5991057,247.281272192,66.582088514,1150.096045883,0,0
US,TN,2006,6088766,252.65311527,65.123691176,1141.943396319,0,0
US,TN,2007,6175727,251.244091532,64.088579687,1136.770277011,0,0
US,TN,2008,6247411,238.994712809,53.70732356,1123.158318448,0,0
US,TN,2009,6306019,196.823756252,64.27246857,1115.605935938,0,0
US,TN,2010,6355518,212.090954692,64.73886135,1087.961755818,0,0
US,TN,2011,6400298,203.951636254,58.04415519,1065.345202927,0,0
US,TN,2012,6455752,191.134270708,52.09651523,1087.658553251,0,0
US,TN,2013,6496943,191.537413927,51.8109657,1087.03999764,0,0
US,TN,2014,6544617,203.376852497,53.26906767,1065.670070342,0,0
US,TN,2015,6595354,196.496040772,56.67201991,1054.56029033,0,0
US,TN,2016,6651277,201.398072894,56.61400272,1055.150210478,0,0
US,TN,2017,6714748,192.809953092,58.33302715,1031.625821527,0,0
US,TN,2018,6778180,187.085196292,56.8653985,1087.901457387,0,0
US,TX,1997,19740317,1533.13618508,0,1299.80505031,0,0
US,TX,1998,20157531,1533.995690514,0,1280.205255,0,0
US,TX,1999,20558220,1508.241225264,0,1324.55523941,0,0
US,TX,2000,20944499,1547.878420413,0,1324.61411491,0,0
US,TX,2001,21319622,1530.801632197,0,1311.0866994,0,0
US,TX,2002,21690325,1563.461514855,0,1354.54737745,0,0
US,TX,2003,22030931,1551.982127167,0,1400.50005623,0,0
US,TX,2004,22394023,1560.516203269,0,1356.32850853,0,0
US,TX,2005,22778123,1498.865340363,0,1398.90026179,0,0
US,TX,2006,23359580,1508.368770244,0,1497.4816379,0,0
US,TX,2007,23831983,1504.653370739,0,1513.10138294,0,0
US,TX,2008,24309039,1450.572140522,0,1530.05749058,0,0
US,TX,2009,24801761,1383.514478221,0,1536.21876622,0,0
US,TX,2010,25241897,1453.946358038,0,1550.18591928,0,0
US,TX,2011,25645504,1517.977383586,0,1580.15282884,0,0
US,TX,2012,26084120,1512.507693014,0,1543.04597909,0,0
US,TX,2013,26479646,1587.887929494,0,1554.17068604,0,0
US,TX,2014,26963092,1595.259500094,0,1543.75970399,0,0
US,TX,2015,27468531,1595.845792404,0,1515.26974515,0,0
US,TX,2016,27914064,1598.698663204,0,1495.67053874,0,0
US,TX,2017,28291024,1633.729370233,0,1505.26165881,0,0
US,TX,2018,28624564,1691.674996094,0,1477.19986596,0,0
US,UT,1997,2119784,136.475283013,0,6845.14309037,0,0
US,UT,1998,2165960,140.310190911,0,6514.07913126,0,0
US,UT,1999,2203482,135.532309043,0,6501.94875713,0,0
US,UT,2000,2244502,137.267158871,0,6612.342347994,0,0
US,UT,2001,2283715,132.760934585,0,6731.38571904,0,0
US,UT,2002,2324815,129.991559896,0,6753.18910979,0,0
US,UT,2003,2360137,132.798066027,0,6868.670493328,0,0
US,UT,2004,2401580,140.314007353,0,7186.092201355,0,0
US,UT,2005,2457719,142.825738089,0,7372.893432495,0,0
US,UT,2006,2525507,145.310177643,0,7358.919107147,0,0
US,UT,2007,2597746,149.18009584,0,7450.126915424,0,0
US,UT,2008,2663029,150.109887492,0,7611.561085108,0,0
US,UT,2009,2723421,141.553195793,0,7510.231642597,0,0
US,UT,2010,2775413,142.131946007,0,7547.710173986,0,0
US,UT,2011,2814797,140.3551543,0,7578.463392353,0,0
US,UT,2012,2854146,134.111205553,0,7675.438461508,0,0
US,UT,2013,2898773,147.236599415,0,7686.486026514,0,0
US,UT,2014,2938327,144.814718915,0,7587.942198862,0,0
US,UT,2015,2983626,141.155617101,0,7638.427116242,0,0
US,UT,2016,3044241,129.179004262,0,7401.050455963,0,0
US,UT,2017,3103540,129.040761536,0,6959.624573768,0,0
US,UT,2018,3155153,132.046160148,0,7176.482929583,0,0
US,VT,1997,597239,8.51644928,0,160.9162203,0,0
US,VT,1998,600416,8.04206888,0,173.08796219,0,0
US,VT,1999,604683,8.552846438,0,174.98597601,0,0
US,VT,2000,609618,8.92754625,0,170.36686237,0,0
US,VT,2001,612223,8.977989742,0,163.00425934,0,0
US,VT,2002,615442,8.407492878,0,163.26144344,0,0
US,VT,2003,617858,8.911823151,0,168.07193015,0,0
US,VT,2004,619920,9.745810129,0,66.74230583,0,0
US,VT,2005,621215,9.106640167,0,62.83551122,0,0
US,VT,2006,622892,8.761302918,0,62.09655442,0,0
US,VT,2007,623481,8.407293517,0,68.22795492,0,0
US,VT,2008,624151,7.26587527,0,67.36335204,0,0
US,VT,2009,624817,7.896514447,0,69.6119816,0,0
US,VT,2010,625886,7.448372574,0,68.41991657,0,0
US,VT,2011,627197,7.312704533,0,69.70309239,0,0
US,VT,2012,626361,6.560387734,0,68.99373611,0,0
US,VT,2013,626603,7.648638676,0,66.19296725,0,0
US,VT,2014,625693,8.091748432,0,64.69593126,0,0
US,VT,2015,625810,8.793050731,0,65.55042675,0,0
US,VT,2016,624366,8.385253096,0,65.74344298,0,0
US,VT,2017,625132,8.27343967,0,64.72119554,0,0
US,VT,2018,624802,8.474032719,0,66.90094264,0,0
US,VA,1997,6829183,211.167212963,0,0,0,0
US,VA,1998,6900918,209.978792223,0,0,0,0
US,VA,1999,7000174,213.294761496,0,0,0,0
US,VA,2000,7105817,228.822802477,0,0,0,0
US,VA,2001,7198362,223.64521972,0,0,0,0
US,VA,2002,7286873,220.634581183,0,0,0,0
US,VA,2003,7366977,229.817849276,0,0,0,0
US,VA,2004,7475575,236.791929457,0,0,0,0
US,VA,2005,7577105,237.381962581,0,0,0,0
US,VA,2006,7673725,225.169961657,0,0,0,0
US,VA,2007,7751000,237.247360919,0,0,0,0
US,VA,2008,7833496,214.621371128,0,0,0,0
US,VA,2009,7925937,190.56524542,0,0,0,0
US,VA,2010,8024004,200.192128467,0,0,0,0
US,VA,2011,8102437,179.651029439,0,0,0,0
US,VA,2012,8187456,172.125362578,0,0,0,0
US,VA,2013,8255861,189.287992859,0,0,0,0
US,VA,2014,8315430,186.085306475,0,0,0,0
US,VA,2015,8367303,182.662285679,0,0,0,0
US,VA,2016,8417651,184.316282526,0,0,0,0
US,VA,2017,8471011,175.875677302,0,0,0,0
US,VA,2018,8510920,184.828289137,0,0,0,0
US,WA,1997,5674747,156.222762323,0,0,0,0
US,WA,1998,5769562,165.834092423,0,0,0,0
US,WA,1999,5842564,167.821962037,0,0,0,0
US,WA,2000,5910512,163.771961224,0,0,0,0
US,WA,2001,5985722,152.426024922,0,0,0,0
US,WA,2002,6052349,139.139538786,0,0,0,0
US,WA,2003,6104115,142.574091489,0,0,0,0
US,WA,2004,6178645,145.588504234,0,0,0,0
US,WA,2005,6257305,147.634547588,0,0,0,0
US,WA,2006,6370753,143.33954499,0,0,0,0
US,WA,2007,6461587,153.587314499,0,0,0,0
US,WA,2008,6562231,147.094598257,0,0,0,0
US,WA,2009,6667426,141.105189698,0,0,0,0
US,WA,2010,6743009,139.041066434,0,0,0,0
US,WA,2011,6827479,127.91851477,0,0,0,0
US,WA,2012,6898599,127.923298782,0,0,0,0
US,WA,2013,6966252,135.350328785,0,0,0,0
US,WA,2014,7057531,131.921956615,0,0,0,0
US,WA,2015,7167287,138.023286747,0,0,0,0
US,WA,2016,7299961,147.677090186,0,0,0,0
US,WA,2017,7427951,147.516851231,0,0,0,0
US,WA,2018,7526793,146.962885536,0,0,0,0
US,WV,1997,1819113,255.473999879,0,0,0,0
US,WV,1998,1815609,262.727955162,0,0,0,0
US,WV,1999,1811799,263.36314523,0,0,0,0
US,WV,2000,1807021,259.587243857,0,0,0,0
US,WV,2001,1801481,243.012102758,0,0,0,0
US,WV,2002,1805414,265.951448821,0,0,0,0
US,WV,2003,1812295,257.717851712,0,0,0,0
US,WV,2004,1816438,253.705243707,0,0,0,0
US,WV,2005,1820492,259.407233255,0,0,0,0
US,WV,2006,1827912,259.645410364,0,0,0,0
US,WV,2007,1834052,263.344390655,0,0,0,0
US,WV,2008,1840310,262.271242099,0,0,0,0
US,WV,2009,1847775,221.750232324,0,0,0,0
US,WV,2010,1854265,242.802469567,0,0,0,0
US,WV,2011,1856606,232.861521348,0,0,0,0
US,WV,2012,1857446,219.136886287,0,0,0,0
US,WV,2013,1854768,224.367573171,0,0,0,0
US,WV,2014,1850569,239.720402529,0,0,0,0
US,WV,2015,1843332,221.71219767,0,0,0,0
US,WV,2016,1832435,223.320862571,0,0,0,0
US,WV,2017,1818683,216.972497172,0,0,0,0
US,WV,2018,1805953,209.803462973,0,0,0,0
US,WI,1997,5266213,218.873256261,0,0,0,0
US,WI,1998,5297672,213.261325572,0,0,0,0
US,WI,1999,5332666,222.807210716,0,0,0,0
US,WI,2000,5373999,227.411941831,0,0,0,0
US,WI,2001,5406835,223.641494306,0,0,0,0
US,WI,2002,5445162,226.368419358,0,0,0,0
US,WI,2003,5479203,221.423576368,0,0,0,0
US,WI,2004,5514026,225.180387737,0,0,0,0
US,WI,2005,5546166,231.754039261,0,0,0,0
US,WI,2006,5577655,216.789362187,0,0,0,0
US,WI,2007,5610775,219.319160254,0,0,0,0
US,WI,2008,5640996,218.980590427,0,0,0,0
US,WI,2009,5669264,200.358685967,0,0,0,0
US,WI,2010,5690538,205.728281989,0,0,0,0
US,WI,2011,5705840,204.777890478,0,0,0,0
US,WI,2012,5720825,190.518169142,0,0,0,0
US,WI,2013,5738012,210.552441965,0,0,0,0
US,WI,2014,5753199,210.278412272,0,0,0,0
US,WI,2015,5762927,208.727564417,0,0,0,0
US,WI,2016,5775170,201.286787809,0,0,0,0
US,WI,2017,5793147,206.098144704,0,0,0,0
US,WI,2018,5809319,211.452104418,0,0,0,0
US,WY,1997,489451,197.0189415,0,0,0,0
US,WY,1998,490787,180.17494919,0,0,0,0
US,WY,1999,491780,177.581070529,0,0,0,0
US,WY,2000,494300,182.03001728,0,0,0,0
US,WY,2001,494657,185.401243343,0,0,0,0
US,WY,2002,500017,184.201094514,0,0,0,0
US,WY,2003,503453,190.104612221,0,0,0,0
US,WY,2004,509106,192.476610108,0,0,0,0
US,WY,2005,514157,195.655467504,0,0,0,0
US,WY,2006,522667,200.686163058,0,0,0,0
US,WY,2007,534876,210.054026785,0,0,0,0
US,WY,2008,546043,210.884106088,0,0,0,0
US,WY,2009,559851,201.047915119,0,0,0,0
US,WY,2010,564531,205.589591186,0,0,0,0
US,WY,2011,567491,200.583685672,0,0,0,0
US,WY,2012,576656,215.290073553,0,0,0,0
US,WY,2013,582620,226.793812854,0,0,0,0
US,WY,2014,583159,210.55523547,0,0,0,0
US,WY,2015,586389,180.691786594,0,0,0,0
US,WY,2016,585243,162.389202848,0,0,0,0
US,WY,2017,579994,198.608348883,0,0,0,0
US,WY,2018,579054,179.014580985,0,0,0,0
US,USA,1997,272646925,12070.65962082,0,1226.45434117,0,0
US,USA,1998,275854104,12031.691439216,0,1213.29658093,0,0
US,USA,1999,279040168,12118.178346672,0,1226.88121047,0,0
US,USA,2000,282162411,12421.815037771,0,1220.25538312,0,0
US,USA,2001,284968955,12216.157933935,0,1223.77276451,0,0
US,USA,2002,287625193,12292.392198154,0,1206.85342062,0,0
US,USA,2003,290107933,12406.767283618,0,1191.09284277,0,0
US,USA,2004,292805298,12654.822940923,0,1183.69135027,0,0
US,USA,2005,295516599,12679.626996582,0,1159.35976532,0,0
US,USA,2006,298379912,12508.153693566,0,1069.73870381,0,0
US,USA,2007,301231207,12714.153938513,0,1029.72246055,0,0
US,USA,2008,304093966,12349.72051443,0,981.96245844,0,0
US,USA,2009,306771529,11500.925182622,0,984.49096824,0,0
US,USA,2010,309327143,11919.816722487,0,965.35432275,0,0
US,USA,2011,311583481,11646.462905283,0,929.49979693,0,0
US,USA,2012,313877662,11192.72849338,0,951.9136758,0,0
US,USA,2013,316059947,11561.51436958,0,962.91936916,0,0
US,USA,2014,318386329,11682.77574678,0,971.85845175,0,0
US,USA,2015,320738994,11377.89089338,0,1010.46485727,0,0
US,USA,2016,323071755,11150.64368538,0,1118.69049776,0,0
US,USA,2017,325122128,11124.33140198,0,1135.68827101,0,0
US,USA,2018,326838199,11428.95764668,0,933.2764142,0,0
